id,domain,status,purchase_price,renewal_price,attractiveness,demand,length,registrar,created_at,expires_at,status_verified_at
1cdedbfe-f58d-4826-aa39-9b7031b8c1da,washes.discount,available,30.99,30.99,medium,low,6,namesilo,,,20/09/2026 04:54
be650443-1312-4224-9a8a-6f004bd2be22,flamboyant.discount,available,30.99,30.99,high,low,10,namesilo,,,22/09/2026 12:57
7c5f7635-e9b9-4814-80b5-d7c8da2120c0,briary.discount,available,7.99,43.99,medium,low,6,name.com,,,08/08/2026 17:02
829e7d51-7554-4bad-a2b3-0b0b3ccc0710,gates.discount,available,4.63,24.2,high,low,5,porkbun,,,29/09/2026 02:38
2967f68d-7d81-44b7-be7a-14f08e94a383,panda.discount,available,4.63,24.2,high,medium,5,porkbun,,,28/09/2026 19:27
56190ef9-fb13-4b29-ac59-a8135ae962fb,ambulances.discount,available,30.99,30.99,medium,low,10,namesilo,,,21/09/2026 07:02
b75c9534-770d-4bb8-a17c-1eeed86aadea,slips.discount,available,30.99,30.99,high,low,5,namesilo,,,17/09/2026 12:24
39c010b9-bcb9-4eb5-a185-796a14dc29af,overdose.discount,available,4.5,24.83,medium,low,8,dynadot,,,29/09/2026 02:45
34d16fa1-9d69-4120-b2e1-8410791e5618,crashed.discount,available,30.99,30.99,low,low,7,namesilo,,,27/09/2026 11:29
5cb3659c-d5c2-4648-920f-6eaa750ca41c,motivated.discount,available,7.99,43.99,high,low,9,name.com,,,25/08/2026 07:31
72d16e8c-bbc8-4a96-b311-7ef114ce5797,dished.discount,available,7.99,43.99,medium,low,6,name.com,,,14/08/2026 10:52
a50b965b-0427-4d6c-ba40-bb0addd45844,lyric.discount,available,30.99,30.99,high,low,5,namesilo,,,25/09/2026 15:47
19768190-c1bb-467d-b0cd-4321e8869454,anzio.discount,available,30.99,30.99,medium,low,5,namesilo,,,19/09/2026 16:01
db5c397c-be57-42dc-809a-4a6da4728885,slimy.discount,available,7.99,43.99,medium,low,5,name.com,,,14/08/2026 04:03
584d948d-8d00-4956-9ecf-cf9ccee96cc1,pools.discount,available,30.99,30.99,high,low,5,namesilo,,,16/09/2026 13:57
f8f6f6ed-6866-433b-8c61-511f83d069c2,unmixed.discount,available,29.98,39.98,medium,low,7,namecheap,,,12/09/2026 06:02
557ca512-3299-4f52-8763-85dc4745f15c,walpole.discount,available,24.01,24.01,medium,low,7,spaceship,,,28/09/2026 01:54
ee469c39-ef9d-42ee-943a-3c59a1915ab8,versed.discount,available,29.98,39.98,high,low,6,namecheap,,,13/09/2026 04:29
b025b1b8-a804-4557-874e-d3738ca8531f,pressure.discount,available,30.99,30.99,high,low,8,namesilo,,,24/09/2026 23:12
9dd16cb3-d9d1-4993-aa4e-68384049423f,giza.discount,available,4.63,24.2,high,low,4,porkbun,,,29/09/2026 17:47
5887f0de-3e80-4fd0-9019-eebc1c500366,adolf.discount,available,4.5,24.83,medium,low,5,dynadot,,,29/09/2026 23:45
52ab42f8-9b19-4835-aeee-7a6255cf9330,babel.discount,available,30.99,30.99,high,low,5,namesilo,,,21/09/2026 12:37
73b5c345-6ad6-4917-b37c-fad1383a8fb7,bioethics.discount,available,29.98,39.98,high,low,9,namecheap,,,23/09/2026 17:56
a6bb7654-6cf2-4745-8311-952c42de94e3,nevus.discount,available,29.98,39.98,medium,low,5,namecheap,,,23/09/2026 21:15
85f26273-08bc-4101-ad10-903ddbf596f2,capturing.discount,available,29.98,39.98,medium,low,9,namecheap,,,29/09/2026 16:31
70f26c40-2137-4393-8593-7a19abf9d28b,tyro.discount,available,30.99,30.99,high,low,4,namesilo,,,23/09/2026 02:27
3838318c-2614-4bb6-ba4b-62cad410ef09,adequately.discount,available,24.01,24.01,medium,low,10,spaceship,,,28/09/2026 11:47
91a6b693-8827-4dea-bb3e-758a4ad58a16,ruffle.discount,available,29.98,39.98,high,low,6,namecheap,,,11/09/2026 05:07
13b4b8d1-1e79-4289-9aba-a5fd77b3dfb4,stronghold.discount,available,30.99,30.99,high,low,10,namesilo,,,29/09/2026 14:00
e12162a2-0993-4315-9dbc-f01a67b1e9b9,trice.discount,available,7.99,43.99,high,low,5,name.com,,,22/08/2026 07:32
fde975c2-3c8b-49a3-9dfa-5a303c504439,aranea.discount,available,30.99,30.99,medium,low,6,namesilo,,,20/09/2026 00:00
47e10a29-64fe-49e9-8c13-48971f7cf618,downgrade.discount,available,30.99,30.99,high,low,9,namesilo,,,24/09/2026 23:39
e099b51a-059e-44bc-aede-0fa99da6c3d6,cadastral.discount,available,7.99,43.99,medium,low,9,name.com,,,11/08/2026 12:39
7296b999-9cad-4408-a4f2-715c36ee5a5f,oriole.discount,available,29.98,39.98,high,low,6,namecheap,,,18/09/2026 20:26
5163829d-f1cc-41aa-8dfa-9a1f90a3c852,decimal.discount,available,7.99,43.99,high,low,7,name.com,,,13/08/2026 21:27
f72ecba6-c650-416a-88ea-c5226d4507b3,aldebaran.discount,available,29.98,39.98,medium,low,9,namecheap,,,18/09/2026 04:20
e1463042-4bfc-4bee-81e0-b89b71cb4f0d,allocator.discount,available,29.98,39.98,high,low,9,namecheap,,,18/09/2026 11:47
8cd830a6-e9f1-4d1a-a978-c63a91f0e6c5,zeal.discount,available,30.99,30.99,high,low,4,namesilo,,,20/09/2026 03:17
615045a1-a2a6-4125-96a3-e67fb242cfe4,berlage.discount,available,29.98,39.98,medium,low,7,namecheap,,,23/09/2026 09:36
88bf5738-113b-41f2-952e-13ca8b1e65fd,otoscope.discount,available,30.99,30.99,medium,low,8,namesilo,,,21/09/2026 04:28
c95ffb1f-4977-4e80-a434-a93e4c078f42,fitch.discount,available,30.99,30.99,medium,low,5,namesilo,,,29/09/2026 12:21
1a8dc137-647d-4295-935c-2a2ce39fb730,parametric.discount,available,29.98,39.98,high,low,10,namecheap,,,08/09/2026 01:01
c1e80ebd-92ef-447d-881d-50afe341f01a,sixteenth.discount,available,7.99,43.99,high,low,9,name.com,,,
51fd3630-49ed-4c09-829b-875617339485,boer.discount,available,7.99,43.99,high,low,4,name.com,,,
4fade1a2-6d11-4383-9111-845ad31cc71e,graduates.discount,available,24.01,24.01,high,low,9,spaceship,,,29/09/2026 11:39
56402f57-0134-46d6-8be5-e63810ba8520,mandaean.discount,available,7.99,43.99,high,low,8,name.com,,,24/08/2026 14:38
9915c146-827e-4384-9dfe-4d01d1501f3c,dane.discount,available,24.01,24.01,high,low,4,spaceship,,,29/09/2026 00:37
3932582c-b1cb-49c3-a87c-ab741a83c644,seyhan.discount,available,30.99,30.99,medium,low,6,namesilo,,,17/09/2026 06:19
e920880d-2943-4368-bbc3-af75a0eb16db,bird.discount,premium,78.54,78.54,high,medium,4,namesilo,,,29/09/2026 02:46
3e8a590b-5378-4f7f-9b8a-f9f6c1a7f825,antilope.discount,available,30.99,30.99,medium,low,8,namesilo,,,19/09/2026 14:39
ab3373a6-aaf9-42a4-91b1-e34164ce4bbc,chopped.discount,available,7.99,43.99,high,low,7,name.com,,,12/08/2026 06:57
8861b830-d697-4878-8372-34f4de1421b2,balmoral.discount,available,30.99,30.99,high,low,8,namesilo,,,21/09/2026 23:39
b497b4e7-3711-4ee1-8214-fff7284a9197,poisoned.discount,available,23.2,23.2,medium,low,8,cloudflare,,,27/09/2026 17:38
196f2d49-52fa-45e4-8e53-eda6b215679d,floored.discount,available,7.99,43.99,high,low,7,name.com,,,18/08/2026 08:49
328d40e0-6cfe-4d81-96e5-4c7811f5f031,seaborne.discount,available,29.98,39.98,medium,low,8,namecheap,,,10/09/2026 00:34
72a1905d-c0fa-4492-a7ea-ba1ef0799cc9,cloaked.discount,available,7.99,43.99,high,low,7,name.com,,,12/08/2026 11:28
8da61cb5-55d6-49d0-b26d-aba83f7732b6,joint.discount,available,30.99,30.99,high,low,5,namesilo,,,22/09/2026 08:50
8948a241-26fc-4d12-8ed8-ecbac8b79a98,stained.discount,available,29.98,39.98,medium,low,7,namecheap,,,10/09/2026 18:14
6f71d215-dd43-4a91-b1d4-0c63a330d6a1,head.discount,available,30.99,30.99,high,low,4,namesilo,,,23/09/2026 14:18
ba73dcec-859b-433a-a478-92d108b1208d,heatable.discount,available,7.99,43.99,medium,low,8,name.com,,,21/08/2026 02:15
abb346d9-2bb8-47ae-94cb-7fc617776c25,baize.discount,available,29.98,39.98,medium,low,5,namecheap,,,21/09/2026 19:59
b2a698d4-214a-45ab-8b88-155f6108702b,exobiology.discount,available,30.99,30.99,medium,low,10,namesilo,,,20/09/2026 17:35
d78f57f1-5c4d-4847-809b-9721e83a176d,lambent.discount,available,7.99,43.99,medium,low,7,name.com,,,
fcf60231-9c86-4f0b-b28d-29d18b5b1e22,retarded.discount,available,30.99,30.99,medium,low,8,namesilo,,,27/09/2026 13:11
99dd4307-431f-4225-af10-50c10da2ade0,hand.discount,available,30.99,30.99,high,low,4,namesilo,,,29/09/2026 04:06
dcf2c86b-301a-41e1-b43d-028ba7a4c2eb,clovis.discount,available,23.2,23.2,medium,low,6,cloudflare,,,29/09/2026 00:26
b2663793-bd25-4d6b-a0d4-ef07c80cb814,sorrow.discount,available,30.99,30.99,medium,low,6,namesilo,,,28/09/2026 06:39
a74c6e05-2643-445f-bf50-173a2382d61f,arbitrage.discount,available,30.99,30.99,high,low,9,namesilo,,,20/09/2026 00:42
82ee9138-3e3a-42a5-a81d-3be406bc1ffe,topical.discount,available,29.98,39.98,high,low,7,namecheap,,,11/09/2026 17:42
f3d5f768-f9fc-4452-977b-cf6e96b57e7e,mildness.discount,available,30.99,30.99,high,low,8,namesilo,,,24/09/2026 15:30
db0dea80-31cd-4a40-93e5-b50db986e28f,denominations.discount,available,29.98,39.98,low,low,13,namecheap,,,21/09/2026 00:01
d654102c-ef67-4032-a803-2b03e620c904,quadrant.discount,available,24.01,24.01,high,low,8,spaceship,,,29/09/2026 20:05
2238d4c4-6adb-49a7-9b3d-e54724be9912,administer.discount,available,23.2,23.2,high,low,10,cloudflare,,,29/09/2026 14:10
d9cd22fd-1b1b-4cbc-bce7-460d80f9093c,puku.discount,available,30.99,30.99,medium,low,4,namesilo,,,17/09/2026 07:35
b279e43f-6cc1-480e-b56b-f95816933d5f,sars.discount,available,24.01,24.01,medium,low,4,spaceship,,,29/09/2026 20:17
f6614ffc-2150-4c1c-ada2-ebbeabc535e8,tribune.discount,available,24.01,24.01,medium,low,7,spaceship,,,29/09/2026 14:05
0b206612-b44a-480b-80c3-692e843331d0,scholar.discount,available,29.98,39.98,high,low,7,namecheap,,,20/09/2026 16:28
ea3c23d6-ca2e-49d9-ba1d-d5c94e93506c,invented.discount,available,7.99,,high,low,8,name.com,,,
10e90363-85ae-4c4a-8b13-0fbe67054a68,pained.discount,available,29.98,39.98,medium,low,6,namecheap,,,04/09/2026 01:26
9d6abb16-e77d-4fdd-9f17-e66a91ebdb05,maniac.discount,available,7.99,43.99,high,low,6,name.com,,,24/08/2026 11:21
890047fc-a6a4-445c-821a-d2be51f46c9a,introduce.discount,available,30.99,30.99,high,low,9,namesilo,,,30/09/2026 00:04
e186e529-c2e0-4e9f-bb05-35c6e0ba5ea1,unalarming.discount,available,29.98,39.98,medium,low,10,namecheap,,,12/09/2026 00:14
75774cc9-fe70-47a0-9bbc-0936bb03173b,banning.discount,available,7.99,43.99,medium,low,7,name.com,,,18/08/2026 11:11
d2ac2b3d-c575-4336-95af-356ec1f1313a,proceeding.discount,available,24.01,24.01,high,low,10,spaceship,,,28/09/2026 10:14
1ba4eecd-5513-4a46-9bd1-351e04910b00,jews.discount,available,7.99,43.99,medium,low,4,name.com,,,
c4c671e9-15fb-420b-85d1-ef9f3c8f2659,foppish.discount,available,7.99,43.99,medium,low,7,name.com,,,13/08/2026 17:05
6c003bda-2abc-4ad1-9de6-b10f688a9e3b,ahorse.discount,available,7.99,43.99,medium,low,6,name.com,,,
76e46e9f-4d01-4a5b-ae86-0ebcce138d0a,calculous.discount,available,7.99,43.99,medium,low,9,name.com,,,11/08/2026 14:05
2cdb32c2-558e-4cf2-b8f3-109752d71a2d,dynastic.discount,available,7.99,43.99,medium,low,8,name.com,,,14/08/2026 21:59
bef75501-1c74-4a42-90d6-84d404a48db2,groovy.discount,available,7.99,43.99,high,low,6,name.com,,,08/08/2026 12:35
71e9e81b-e299-4710-b937-b00a7a7b3b4c,gangling.discount,available,7.99,43.99,medium,low,8,name.com,,,18/08/2026 20:08
e3cf4a82-7edf-4366-89cc-f30994977433,normative.discount,available,7.99,43.99,high,low,9,name.com,,,03/09/2026 21:19
012f453a-d4c5-43ca-9d74-baa44ae0ecac,that.discount,premium,118.8,118.8,high,low,4,namesilo,,,
cdd177ca-a0e6-4a0e-aa20-26d7e63d28f3,nickelodeon.discount,available,7.99,,high,low,11,name.com,,,
d872babf-d3fe-4907-9001-ef36b5d35aa8,olives.discount,available,29.98,39.98,medium,low,6,namecheap,,,20/09/2026 04:34
b9a1b7b5-a25c-40c0-9e01-f44283540245,glanced.discount,available,30.99,30.99,medium,low,7,namesilo,,,18/09/2026 01:59
ca255d7f-b49a-4644-a28d-b45bc1628172,pean.discount,available,29.98,39.98,medium,low,4,namecheap,,,05/09/2026 00:47
07045fab-beba-46ee-ac1f-d9d5110953ca,accra.discount,premium,85.8,85.8,high,low,5,namecheap,,,16/09/2026 23:13
032f2c91-f884-4def-9bb3-454e8053f2a5,rimed.discount,available,29.98,39.98,medium,low,5,namecheap,,,09/09/2026 17:39
68b9f78f-2483-42f1-938b-4e3af8d0d39b,mmr.discount,premium,38.94,38.94,high,low,3,namesilo,,,
29b4286f-02a2-4dae-80d8-39a2cec85349,hbo.discount,available,,,high,medium,3,,,,
ff733571-9936-4569-a468-e27c3d36f0e6,gaga.discount,available,7.99,43.99,medium,low,4,name.com,,,14/08/2026 14:34
27c2e826-d345-4bac-89d0-7c176af28193,objected.discount,available,30.99,30.99,medium,low,8,namesilo,,,18/09/2026 23:50
ed127e95-7e7e-477c-9c99-55d00882113e,startup.discount,resell,,,high,medium,7,Dynadot Inc,22/02/2026 08:34,22/02/2027 08:34,28/09/2026 04:08
7edc4b04-a39a-4b04-bd13-878fdb1511b0,americana.discount,available,29.98,39.98,high,low,9,namecheap,,,18/09/2026 21:03
72efe5b0-a37a-4f1e-8170-a566f4a441d3,marlow.discount,available,29.98,39.98,high,low,6,namecheap,,,30/09/2026 00:14
763fb834-537a-428d-8c88-3aa7873003f1,asserted.discount,available,7.99,43.99,medium,low,8,name.com,,,07/08/2026 05:54
ab7278d3-c597-4b12-a99a-53c36fcdd952,arrays.discount,available,30.99,30.99,medium,low,6,namesilo,,,20/09/2026 09:17
8aca8826-f9c2-4e01-9b0b-82040e80c9f6,wrong.discount,available,30.99,30.99,high,low,5,namesilo,,,25/09/2026 07:41
62f965da-ae1c-4050-923b-002a8293071d,lunatic.discount,available,7.99,43.99,high,low,7,name.com,,,13/08/2026 17:47
04bf09f9-95f2-4bd3-806c-7ef88bbd4979,taxation.discount,available,7.99,,high,low,8,name.com,,,
640bcb69-be2d-4683-8f97-48191c9bc5c3,mattress.discount,premium,220,220,high,low,8,dynadot,,,28/09/2026 19:51
71adbff6-2486-4e48-9076-f64005e71549,lunt.discount,available,30.99,30.99,medium,low,4,namesilo,,,18/09/2026 06:40
a3a5ba2a-0db5-4649-8fe1-34647ff43089,doubted.discount,available,24.01,24.01,low,low,7,spaceship,,,29/09/2026 16:14
bfc9d5c3-8410-4075-85e5-a2b35350c5e2,pupils.discount,available,24.01,24.01,medium,low,6,spaceship,,,28/09/2026 17:49
c25e1e3a-5bdc-4f76-8a21-5fc33bb9c9ba,baklava.discount,available,29.98,39.98,high,low,7,namecheap,,,21/09/2026 20:21
59a65beb-88d2-40b1-bd34-0af040ef2367,harare.discount,available,29.98,39.98,high,low,6,namecheap,,,24/09/2026 12:36
2c3d2424-756a-46ed-afa4-dd264e964fba,unhuman.discount,available,7.99,43.99,medium,low,7,name.com,,,14/08/2026 00:04
ef562f2d-bcf0-47df-93fc-371809b25bef,tiny.discount,premium,85.8,85.8,high,medium,4,namecheap,,,22/09/2026 17:13
ab44ded4-b2df-470c-bc6f-bf6c961f1481,slater.discount,available,30.99,30.99,medium,low,6,namesilo,,,28/09/2026 10:57
f446503b-4c60-455d-9031-1b2f529d4dc9,pally.discount,available,7.99,43.99,high,low,5,name.com,,,12/08/2026 07:42
b795d818-c1df-4c2f-9498-77a8e1734415,tickle.discount,available,29.98,39.98,high,low,6,namecheap,,,11/09/2026 15:31
4b26f846-a5ce-4fae-aaf5-67ccfd88f44f,participation.discount,available,24.01,24.01,medium,low,13,spaceship,,,28/09/2026 22:50
1640c84a-952c-4e30-a9c0-236882656407,binate.discount,available,7.99,43.99,high,low,6,name.com,,,09/08/2026 23:39
3e55ce42-f466-4041-8862-dd839398ac45,lose.discount,available,7.99,,medium,low,4,name.com,,,
a2d4ede9-fb86-4e28-8be3-0d9a480c9afb,howells.discount,available,24.01,24.01,high,low,7,spaceship,,,29/09/2026 19:11
853fe78b-2de5-45d9-b286-01b401b00140,rare.discount,available,30.99,30.99,high,medium,4,namesilo,,,27/09/2026 09:46
df9c2f38-3df7-405e-ac08-9ebc3151b38e,beckett.discount,available,29.98,39.98,high,low,7,namecheap,,,22/09/2026 22:39
5face17a-8228-4dd1-b65a-aa9a190a3520,tehran.discount,premium,82.5,82.5,high,low,6,name.com,,,25/09/2026 22:03
1502aade-62ee-491e-aff9-f964009cbcee,chap.discount,available,30.99,30.99,medium,low,4,namesilo,,,24/09/2026 06:13
52601e1a-8c8a-4f5b-9243-cd3b0dec0172,apprentice.discount,available,30.99,30.99,high,low,10,namesilo,,,19/09/2026 22:15
c13de746-6950-497e-a580-666d2e6f2898,hitchcock.discount,available,30.99,30.99,high,low,9,namesilo,,,18/09/2026 06:32
8f7a1361-da4d-479a-9774-62fff306c486,adoration.discount,available,30.99,30.99,high,low,9,namesilo,,,17/09/2026 09:44
aea169ee-975e-4829-9fc7-56557435fe38,believed.discount,available,30.99,30.99,medium,low,8,namesilo,,,17/09/2026 00:11
78589153-3dc7-459c-a48a-461c4bba11a8,extralegal.discount,available,7.99,43.99,medium,low,10,name.com,,,17/08/2026 19:14
3c515fe8-66d6-4463-9d75-41622428af92,harry.discount,available,24.01,24.01,high,low,5,spaceship,,,29/09/2026 07:09
93ae25ce-02bb-4f3a-bcf2-319d95c77c01,appealing.discount,available,7.99,43.99,high,low,9,name.com,,,06/08/2026 05:51
f8d8d4b0-019c-400a-84b1-38b4b3be7024,prayers.discount,available,30.99,30.99,high,low,7,namesilo,,,18/09/2026 03:21
72446536-57b5-4fc5-82c1-91f44b26eebf,ochre.discount,available,7.99,43.99,high,low,5,name.com,,,04/09/2026 00:33
ab44caa9-81cd-4366-a71e-d6942d720d0c,polymeric.discount,available,29.98,39.98,medium,low,9,namecheap,,,08/09/2026 23:25
f3800904-0a10-4dcb-9ea0-57ff1317a06f,reviewers.discount,available,30.99,30.99,medium,low,9,namesilo,,,21/09/2026 09:06
06776208-8182-4ad5-996a-ade4e748832e,jenner.discount,available,30.99,30.99,medium,low,6,namesilo,,,29/09/2026 00:45
46f8770c-1ef2-4ae5-aed7-36f99b1cd3e5,attend.discount,available,24.01,24.01,high,low,6,spaceship,,,28/09/2026 19:00
d1e413c5-8503-4b45-9939-da76109cb578,asat.discount,available,7.99,43.99,medium,low,4,name.com,,,05/08/2026 19:31
5fad918f-9aed-465a-89d7-24063a756e96,accession.discount,available,30.99,30.99,high,low,9,namesilo,,,16/09/2026 22:09
6d13c960-4787-484f-83fc-e1ba02dc7143,laureate.discount,available,7.99,43.99,high,low,8,name.com,,,22/08/2026 20:57
bbce6c32-4b9a-46d8-a4cd-b27de2c31613,clocks.discount,premium,85.8,85.8,high,low,6,namecheap,,,18/09/2026 06:14
dd3492ad-012c-4e0b-a696-99ea8bd55cfd,casas.discount,available,29.98,39.98,medium,low,5,namecheap,,,28/09/2026 23:52
3f5b23cb-85a0-487f-bd22-fa1540b26505,foxily.discount,available,29.98,39.98,medium,low,6,namecheap,,,14/09/2026 09:04
37bc8888-d047-4635-b689-0886dae5ed9a,amide.discount,available,29.98,39.98,high,low,5,namecheap,,,18/09/2026 21:35
2542cc7c-9c2f-4dd9-9359-a391ee2a9076,generating.discount,available,7.99,,medium,low,10,name.com,,,
f456836b-1ca4-4cc5-ace1-f8eb6e00b52d,parvenu.discount,available,29.98,39.98,medium,low,7,namecheap,,,03/09/2026 22:14
3bc24354-d43f-4b59-acb5-e69fd7d9dabc,maturation.discount,available,7.99,43.99,high,low,10,name.com,,,20/08/2026 20:27
9c23ae89-17ba-47af-b4f8-374c2632e9f7,heterodox.discount,available,7.99,43.99,medium,low,9,name.com,,,14/08/2026 12:37
6f773d12-41d2-46d5-8736-07a1a875d5ed,networks.discount,available,30.99,30.99,high,low,8,namesilo,,,19/09/2026 17:41
7476a2f2-e060-4a46-81ea-f5cbc6120790,bender.discount,available,30.99,30.99,high,low,6,namesilo,,,23/09/2026 07:44
5b7c5963-d66f-468f-b3a7-f32d515a0471,terence.discount,available,24.01,24.01,high,low,7,spaceship,,,27/09/2026 15:27
f19050b6-d73d-4716-964c-0fd0efae45e3,roots.discount,available,7.99,,high,low,5,name.com,,,
b7f58c71-ce31-43e1-af2d-69efbf0b9db9,unwieldy.discount,available,7.99,43.99,medium,low,8,name.com,,,12/08/2026 13:10
3b5af4af-777b-49b1-9c84-85088d7cc84b,eroticism.discount,available,30.99,30.99,medium,low,9,namesilo,,,18/09/2026 16:10
1eaa64f1-f926-4434-8f4d-70a1654f35ad,brownie.discount,available,30.99,30.99,high,low,7,namesilo,,,29/09/2026 04:38
cd4603ba-8d19-46cf-9ba6-d740986fad25,rafts.discount,available,29.98,39.98,high,low,5,namecheap,,,14/09/2026 23:26
19bb5e4f-4e17-43a3-b3fb-9c7cc7b00472,homework.discount,available,24.01,24.01,high,low,8,spaceship,,,28/09/2026 06:00
a54c47f0-1ecb-40a0-aee5-0fc2873fd994,nervy.discount,available,7.99,43.99,medium,low,5,name.com,,,11/08/2026 02:28
c3276978-ea90-44fe-8c83-ab244d46169d,venal.discount,available,7.99,43.99,medium,low,5,name.com,,,11/08/2026 03:46
f5bd3f2a-d88f-4134-9519-23beb770e1ce,immigration.discount,available,24.01,24.01,high,low,11,spaceship,,,28/09/2026 17:22
6a627965-3fa5-4f0c-90b0-5929cf31776e,thoracic.discount,available,29.98,39.98,high,low,8,namecheap,,,08/09/2026 12:02
0c9f1dfc-97d7-47d0-9055-6d01c491f0dc,dardan.discount,available,29.98,39.98,medium,low,6,namecheap,,,11/09/2026 20:19
2375f28b-1408-485d-966d-57d0048c7219,fractional.discount,available,7.99,43.99,high,low,10,name.com,,,18/08/2026 13:52
46374248-ce41-43e7-a51e-89cdb9bc1891,moody.discount,available,7.99,43.99,high,low,5,name.com,,,20/08/2026 14:59
8f5ba68a-46f2-483c-a6e9-af1b36de5b23,lieutenant.discount,available,24.01,24.01,high,low,10,spaceship,,,28/09/2026 02:16
2a7f98c1-bfbf-4660-aca6-9acabacd1c11,draw.discount,available,23.2,23.2,high,low,4,cloudflare,,,28/09/2026 23:10
baa2ab8b-6f8f-4e59-a2b6-368c9bc86a71,conjugate.discount,available,7.99,43.99,high,low,9,name.com,,,12/08/2026 22:11
d29cd52c-2086-4143-976b-8eaa2a1d5796,tartness.discount,available,7.99,43.99,medium,low,8,name.com,,,17/09/2026 03:12
79ef8c58-1790-4bb6-af92-c8d38e81a556,jumbo.discount,available,7.99,43.99,high,low,5,name.com,,,16/08/2026 03:34
79ee836f-0dda-4a24-a1c6-72609f1e11de,blackish.discount,available,7.99,43.99,medium,low,8,name.com,,,10/08/2026 12:03
5032e43e-9e1b-4515-b93c-09c553c7dc17,showcase.discount,available,4.63,24.2,high,low,8,porkbun,,,29/09/2026 16:09
03f03369-b4c2-41df-920b-531925bf11f3,liner.discount,available,24.01,24.01,high,low,5,spaceship,,,30/09/2026 02:08
95f92466-772d-404b-82d2-fae36f57bbc1,intramural.discount,available,7.99,43.99,high,low,10,name.com,,,22/08/2026 08:43
74521ffc-ce00-4cd1-87fe-711a6919b6c7,terracotta.discount,available,29.98,39.98,high,low,11,namecheap,,,17/09/2026 09:12
e10ac1cd-ba08-4489-a55f-b0468fd5b24c,nettle.discount,available,30.99,30.99,high,low,6,namesilo,,,24/09/2026 22:02
1adb9734-66b1-406d-87dc-3033b9ec45e5,neophyte.discount,available,7.99,43.99,high,low,8,name.com,,,18/08/2026 07:34
0629d77b-faed-470c-9e7e-ea549d2b45d2,cheetos.discount,available,30.99,30.99,high,low,7,namesilo,,,21/09/2026 04:04
ac269afb-50ae-4573-9f5f-4b8c636fae80,outcome.discount,available,24.01,24.01,high,low,7,spaceship,,,29/09/2026 11:10
cfcf57eb-18c3-4f31-a76b-7493dbf234fb,nimitz.discount,available,30.99,30.99,medium,low,6,namesilo,,,17/09/2026 08:52
a8de47fa-c53d-4e5d-8ae2-fa3965fd196b,somerville.discount,available,30.99,30.99,medium,low,10,namesilo,,,27/09/2026 01:44
ef6912bc-cec1-4f7c-a3f3-8989d9e66d4f,allegedly.discount,available,7.99,43.99,high,low,9,name.com,,,13/09/2026 19:04
f804d30e-2812-4509-8fc6-4289e2c993fb,tamarack.discount,available,29.98,39.98,medium,low,8,namecheap,,,18/09/2026 20:18
bd1928c8-614c-4a6f-abff-143949a24aac,cnn.discount,available,7.99,,high,low,3,name.com,,,
88c23962-d713-4c88-80b7-f73aabbd16a4,arbitral.discount,available,7.99,43.99,medium,low,8,name.com,,,06/08/2026 12:48
05e2f815-9d9c-4457-866c-eb26f0a26468,bagman.discount,available,29.98,39.98,medium,low,6,namecheap,,,21/09/2026 18:10
c93f2fd2-26d6-488c-bf21-c44dab037ada,sbs.discount,available,23.2,23.2,high,low,3,cloudflare,,,29/09/2026 03:45
1a78137c-6044-4d80-9713-8650f07a7a93,romish.discount,available,29.98,39.98,medium,low,6,namecheap,,,05/09/2026 01:30
94c3a850-eb7f-477f-8a03-327e472bb4fd,stainable.discount,available,29.98,39.98,low,low,9,namecheap,,,10/09/2026 18:12
adb8eb99-d243-4d09-99ae-7c7ec3df6dea,plumbing.discount,premium,78.54,78.54,high,low,8,namesilo,,,22/09/2026 13:57
da9ab5b1-84c4-4144-b109-40b394de21ab,divorce.discount,available,7.99,43.99,high,low,7,name.com,,,14/08/2026 11:12
acee84c0-a6e6-4609-af2b-8c1bde3b8d06,numbered.discount,available,24.01,24.01,medium,low,8,spaceship,,,29/09/2026 10:20
cf4de695-c3bc-412a-98ad-f9a6cfdb0fa1,divide.discount,available,24.01,24.01,high,low,6,spaceship,,,27/09/2026 20:14
fb7e2c6b-8cb6-4696-b6d6-c4d399e28a86,welcomed.discount,available,30.99,30.99,high,low,8,namesilo,,,29/09/2026 08:42
b2e9f596-cb62-4b98-873e-bce8cb5e53ca,avahi.discount,available,30.99,30.99,medium,low,5,namesilo,,,21/09/2026 08:36
b6060ba4-6852-4054-93e6-a37c02e89cad,hunker.discount,available,29.98,39.98,medium,low,6,namecheap,,,10/09/2026 17:39
ff897f12-1694-4c55-b23d-27f906642474,into.discount,available,7.99,,high,low,4,name.com,,,
a9ec7250-5673-4240-a599-a656e2a08fce,graft.discount,available,30.99,30.99,high,low,5,namesilo,,,24/09/2026 10:15
5bde0c29-f712-494b-a491-3ffc553313ac,ruin.discount,available,7.99,43.99,high,low,4,name.com,,,08/08/2026 13:39
e8e7ca8d-4867-4a4d-8655-46a421f63311,masoud.discount,available,29.98,39.98,medium,low,6,namecheap,,,17/09/2026 20:25
0bb9ece3-99b9-451e-8b6f-57e23d02e279,ranked.discount,available,7.99,43.99,high,low,6,name.com,,,20/08/2026 17:38
48b0eec1-1a42-4267-80db-2805e8b5d1f3,oxalis.discount,available,29.98,39.98,medium,low,6,namecheap,,,10/09/2026 14:35
4b2190b3-6667-435d-bff0-1eeca05bf71d,assaulter.discount,available,29.98,39.98,medium,low,9,namecheap,,,17/09/2026 17:42
5c5b1bd5-9653-4430-90b2-2c646d29dd31,amatory.discount,available,7.99,43.99,medium,low,7,name.com,,,
bb7cd43c-af97-49fe-b003-e401c46bdbe0,extraction.discount,available,23.2,23.2,high,low,10,cloudflare,,,29/09/2026 06:50
a9d7ee70-c942-42e9-849a-835132ba09ef,swim.discount,available,4.63,24.2,high,low,4,porkbun,,,28/09/2026 02:10
ea883832-3118-494e-b556-c0239436cdf8,checks.discount,available,29.98,39.98,medium,low,6,namecheap,,,25/09/2026 20:11
1f1905f0-2033-4926-aa7c-6d366429f71a,leinster.discount,available,30.99,30.99,medium,low,8,namesilo,,,29/09/2026 09:29
573e09aa-b925-44e9-8f3d-aaa4540066cb,dicks.discount,available,7.99,,medium,low,5,name.com,,,
ba0f60f5-a243-470e-9a16-9b6ab851fab7,cerebellar.discount,available,7.99,43.99,medium,low,10,name.com,,,12/08/2026 00:28
4b37566c-d59c-4396-aa56-b6e4aa208023,overstep.discount,available,29.98,39.98,high,low,8,namecheap,,,11/09/2026 17:25
885b9b38-61ac-469f-b26b-e1a2fad1b3f2,tersely.discount,available,30.99,30.99,medium,low,7,namesilo,,,16/09/2026 08:13
5cbbfd59-c46c-4f58-816f-156033254858,silvia.discount,available,4.5,24.83,medium,low,6,dynadot,,,29/09/2026 12:28
68668e85-7bf1-4549-ae2f-ddee6494f9a3,witness.discount,available,30.99,30.99,high,low,7,namesilo,,,21/09/2026 01:35
00ab7cf7-8fb4-4583-8a88-431c4efe5a56,pretender.discount,available,29.98,39.98,high,low,9,namecheap,,,08/09/2026 19:12
09bc761d-39aa-46ef-86e1-185576c54ee6,hausen.discount,available,30.99,30.99,high,low,6,namesilo,,,17/09/2026 01:50
24141fd7-155d-4904-89e7-e71cc46c2b17,deliberate.discount,available,7.99,43.99,high,low,10,name.com,,,11/08/2026 13:56
e16d3771-dde3-4a56-b4a5-25e9f8be1229,paw.discount,premium,34.36,34.36,high,low,3,spaceship,,,30/09/2026 01:49
d09a4b96-bfe9-40d0-b1c8-00e4e13b8c4b,download.discount,premium,102.67,102.67,high,low,8,spaceship,,,28/09/2026 06:58
64bc4dc8-4658-4767-89b9-fb6ae9b840ef,erose.discount,available,7.99,43.99,medium,low,5,name.com,,,17/08/2026 12:30
cc1457f4-1d78-416c-9df3-51f33f55279f,ragee.discount,available,29.98,39.98,medium,low,5,namecheap,,,17/09/2026 15:18
db5f4010-0807-4ff1-9640-77f93d8b52b8,dragged.discount,available,30.99,30.99,medium,low,7,namesilo,,,27/09/2026 10:34
115ef8d5-d060-451c-8160-a815c25feed9,bicyclist.discount,available,30.99,30.99,high,low,9,namesilo,,,23/09/2026 13:22
55b9d4eb-2fe9-4c56-95a7-f21859c891f1,humility.discount,available,4.5,24.83,high,low,8,dynadot,,,29/09/2026 07:17
2caf84ce-fea6-46f3-848e-a3fe228eac8a,gunther.discount,available,24.01,24.01,medium,low,7,spaceship,,,29/09/2026 15:16
8f99b124-b43d-401f-9444-99563e8fad27,hess.discount,available,30.99,30.99,high,low,4,namesilo,,,27/09/2026 03:38
017b148e-d2ed-44b4-98e0-c802c7cb5853,unlighted.discount,available,29.98,39.98,medium,low,9,namecheap,,,12/09/2026 13:01
8c67d090-1906-43ef-bd74-80cbcaca03df,rhomboidal.discount,available,29.98,39.98,medium,low,10,namecheap,,,09/09/2026 16:49
fe997260-18df-4d93-8056-88fe2b9188d8,ardeb.discount,available,30.99,30.99,medium,low,5,namesilo,,,20/09/2026 03:06
8c2e6609-9d8f-4953-9556-9b482b3c69ab,initiative.discount,available,30.99,30.99,high,low,10,namesilo,,,19/09/2026 04:32
f136d7e7-985f-45e9-bbd2-d8a6231e63ad,topnotch.discount,available,7.99,43.99,high,low,8,name.com,,,
781e1b04-0acc-4fbd-a1e4-0468605ab106,health.discount,premium,78.54,78.54,high,medium,6,namesilo,,,28/09/2026 03:06
8b9230b5-9fdd-42df-bbee-b0b9fca2d227,pestering.discount,available,7.99,43.99,medium,low,9,name.com,,,
2c910ceb-e70f-417b-8c71-e496ec95ef92,civic.discount,available,7.99,43.99,high,low,5,name.com,,,12/08/2026 09:01
b85171cf-495e-4fce-9890-73f1c0b0fa0c,soggy.discount,available,7.99,43.99,high,low,5,name.com,,,10/08/2026 17:14
1735195a-854f-491b-91bf-3ce204d303a5,unsigned.discount,available,29.98,39.98,high,low,8,namecheap,,,12/09/2026 19:55
875b2c3c-ea92-45f9-a03d-694b4a31944b,powerful.discount,available,29.98,39.98,high,low,8,namecheap,,,23/09/2026 09:23
a5fc41ef-1e51-4d0d-8f61-94fb4bd70eb0,gangs.discount,available,24.01,24.01,medium,low,5,spaceship,,,28/09/2026 13:19
6f4182b2-bc77-4f9e-97e3-d1e34c235ce7,haircuts.discount,available,29.98,39.98,medium,low,8,namecheap,,,21/09/2026 07:16
8fc96643-0a5a-4f44-944b-fc8653769b7f,covert.discount,available,30.99,30.99,high,low,6,namesilo,,,24/09/2026 00:53
2304391b-014c-4668-ad62-9aea325a9b42,traveller.discount,available,7.99,,high,low,9,name.com,,,
9405e3e1-92ca-4630-ba27-28114a1e09e3,omnipotent.discount,available,7.99,43.99,high,low,10,name.com,,,
e4cca14b-c227-4f8c-ac69-7174cf1933e9,lip.discount,premium,72.6,72.6,high,low,3,dynadot,,,29/09/2026 00:19
cd453bf4-f227-4209-9e8a-793f70cb575e,laid.discount,available,30.99,30.99,high,low,4,namesilo,,,25/09/2026 13:04
9d5bff43-e94b-4df3-9e93-e159798b243a,undimmed.discount,available,29.98,39.98,medium,low,8,namecheap,,,12/09/2026 08:06
81ab8106-1429-43f6-ba05-3efd01dd3826,satisfaction.discount,available,4.5,24.83,high,low,12,dynadot,,,28/09/2026 04:23
074111c4-6cb6-4d4b-a88b-9b3edd31c787,baldhead.discount,available,30.99,30.99,medium,low,8,namesilo,,,21/09/2026 21:41
c3db29e5-173f-412d-9e81-c08f1f931644,thulium.discount,available,30.99,30.99,medium,low,7,namesilo,,,20/09/2026 23:37
1402af80-c447-4241-8803-66383ad50352,mayor.discount,available,30.99,30.99,high,low,5,namesilo,,,24/09/2026 15:10
d4260664-5d86-4d28-a811-926b796ad8db,summit.discount,available,30.99,30.99,high,medium,6,namesilo,,,25/09/2026 19:43
2be5294a-4a84-4a57-a749-dc5dfcb961c7,whiny.discount,available,29.98,39.98,medium,low,5,namecheap,,,09/09/2026 08:37
248231f1-b1f6-4d4f-a0f2-e7282d09cd90,wastewater.discount,available,7.99,43.99,medium,low,10,name.com,,,15/08/2026 15:34
a0104135-4ca5-4ad6-94cf-34c77d022e16,sloshed.discount,available,7.99,43.99,low,low,7,name.com,,,09/08/2026 15:48
6c98142a-4b00-4850-8a3b-6cf99ba853d8,annalistic.discount,available,7.99,43.99,high,low,10,name.com,,,
9946b9e5-4d03-470f-9dcb-bb10f3ed21a8,stormy.discount,available,24.01,24.01,medium,low,6,spaceship,,,28/09/2026 01:11
b33244d8-7aef-4c94-ba78-ea9efcc1a778,upper.discount,available,29.98,39.98,high,low,5,namecheap,,,28/09/2026 09:57
98b621a8-39bd-40c4-8839-febc9ce0d7cd,consulted.discount,available,30.99,30.99,medium,low,9,namesilo,,,29/09/2026 16:59
53cb24a8-d9ca-43e1-833a-4fd72f9b8c7c,nice.discount,premium,118.8,118.8,high,medium,4,namesilo,,,24/09/2026 00:45
0548d459-db0b-4d9c-8e6e-48581bc9c4ab,serpentine.discount,available,29.98,39.98,medium,low,10,namecheap,,,10/09/2026 04:45
7e707e31-2678-473b-be93-6dd06fcf3963,acres.discount,available,29.98,39.98,high,low,5,namecheap,,,17/09/2026 02:56
75cebd40-2542-410e-b367-ebc17d8c72d1,routledge.discount,available,30.99,30.99,medium,low,9,namesilo,,,28/09/2026 16:54
b61e0a9e-1dfb-4841-aabd-5e3bf49982ad,accrual.discount,available,30.99,30.99,high,low,7,namesilo,,,16/09/2026 23:14
f890c4c6-fb10-49b2-ae3e-8336b36d9e5e,ses.discount,premium,,,high,low,3,,,,28/09/2026 12:11
e0e65c87-a228-4d08-94ef-581051bfe534,upwardly.discount,available,29.98,39.98,medium,low,8,namecheap,,,12/09/2026 22:57
8b7984cc-8bd9-4ec6-be0e-c26fb97b9fd6,chainlike.discount,available,7.99,43.99,medium,low,9,name.com,,,11/08/2026 21:34
f925c00a-f1fc-452a-8e1a-60b97a6e95f0,unary.discount,available,29.98,39.98,medium,low,5,namecheap,,,12/09/2026 01:06
7967436c-42fe-4320-bf0a-4694ee765176,uuq.discount,available,29.98,39.98,medium,low,3,namecheap,,,20/09/2026 22:18
e095e125-9f38-4123-ad58-44419c5c1519,mouthy.discount,available,7.99,,medium,low,6,name.com,,,
b808b8ac-1206-4b00-8798-a94760d64a05,haggai.discount,available,30.99,30.99,medium,low,6,namesilo,,,17/09/2026 17:22
d80217e6-56b5-439e-877f-40e7fba6e000,craft.discount,available,30.99,30.99,high,medium,5,namesilo,,,24/09/2026 03:48
51b928ba-a9b6-450f-93e3-e2075d326f03,helmet.discount,available,29.98,39.98,high,low,6,namecheap,,,25/09/2026 23:05
d9151dcd-5273-4307-8899-04a34a318ed9,lite.discount,available,7.99,43.99,high,low,4,name.com,,,11/08/2026 15:09
bef25bd4-1a16-44e0-829e-9f92b31e6b5c,aerology.discount,available,30.99,30.99,medium,low,8,namesilo,,,17/09/2026 13:08
a12af080-80cf-4b5c-93b1-aa6e292f889a,kinky.discount,available,7.99,43.99,high,low,5,name.com,,,17/08/2026 22:20
fdf125ee-afc0-4a26-9900-06993c52f5e5,warhol.discount,available,29.98,39.98,high,low,6,namecheap,,,19/09/2026 05:06
5437bf4e-65b0-4203-acbe-9a050a7a5338,imbalanced.discount,available,7.99,43.99,medium,low,10,name.com,,,21/08/2026 20:20
5d8d5a05-babc-44da-82fd-032b3a020d62,cracker.discount,available,29.98,39.98,high,low,7,namecheap,,,24/09/2026 18:59
72d1b152-2f8f-4b2d-9604-32b33752e61b,genocide.discount,available,24.01,24.01,high,low,8,spaceship,,,30/09/2026 01:43
aeb95c9f-1722-40a8-88b5-8fda327e47c9,clove.discount,available,30.99,30.99,high,low,5,namesilo,,,24/09/2026 16:05
673640ac-2469-41e5-8034-a201ae3f5742,tweet.discount,available,7.99,,high,low,5,name.com,,,
aad8ad6c-57d9-4fe9-8153-3b307d47ed9d,cloven.discount,available,7.99,43.99,medium,low,6,name.com,,,10/08/2026 06:51
c56a6fdc-5523-4a53-8292-1dfa5480f488,organisation.discount,available,30.99,30.99,high,low,12,namesilo,,,29/09/2026 04:49
8c1bdbbc-685c-42c5-8081-bd1a1068132a,primadonna.discount,available,7.99,,medium,low,11,name.com,,,
f52f96ca-e9e0-4499-ba0a-1e576c781e51,pediatrist.discount,available,30.99,30.99,high,low,10,namesilo,,,21/09/2026 13:27
2825341a-4f99-4501-b7f0-3905e53ec55c,ooze.discount,available,29.98,39.98,high,low,4,namecheap,,,04/09/2026 15:40
0535c242-6130-4810-8068-12d4bbfda00a,patrician.discount,available,7.99,43.99,medium,low,9,name.com,,,06/08/2026 19:34
0cd8f60c-d498-4ebf-a84e-cc153cc8387c,alton.discount,available,30.99,30.99,high,low,5,namesilo,,,27/09/2026 07:13
242fe666-9246-496e-af84-f3ecd445b446,whipped.discount,available,23.2,23.2,medium,low,7,cloudflare,,,28/09/2026 21:21
68a92617-ea56-48e1-b40c-9b0810118bdc,falsetto.discount,available,7.99,43.99,high,low,8,name.com,,,17/08/2026 21:33
ad5aa739-3e3c-41c4-810c-b0c273a1e9d4,organization.discount,available,23.2,23.2,high,low,12,cloudflare,,,28/09/2026 03:32
e9ac38f2-a2e7-455b-ad1a-f53dd6ae4584,anionic.discount,available,7.99,43.99,medium,low,7,name.com,,,
bea8b3ed-ad77-45da-a4cf-158b1f4ddcf4,torrent.discount,available,30.99,30.99,high,low,7,namesilo,,,24/09/2026 16:04
cb4093bf-5bc2-4815-a07b-d85b93ebf88e,microwave.discount,available,7.99,,high,low,9,name.com,,,
6bd86fa4-29f8-4f52-8d55-494141b3747b,barrow.discount,available,30.99,30.99,medium,low,6,namesilo,,,22/09/2026 08:41
de6bb6bb-8edb-4240-9a15-50a50d5d57ff,maternally.discount,available,7.99,43.99,medium,low,10,name.com,,,25/08/2026 07:10
7377a114-a763-4a29-a929-5431892b7f88,indicates.discount,available,24.01,24.01,medium,low,9,spaceship,,,28/09/2026 08:19
832a0f2d-c90c-4add-9d8d-bf50ff271ee4,paragraph.discount,available,4.5,24.83,high,low,9,dynadot,,,28/09/2026 15:02
d45bef65-b6e9-4526-8ffa-6aabb04b90c7,riddle.discount,available,7.99,43.99,high,low,6,name.com,,,24/09/2026 08:02
3766a582-1cc8-446a-a93f-986faf42489f,messianic.discount,available,7.99,43.99,high,low,9,name.com,,,24/08/2026 21:22
880d6e36-5097-4fbe-88da-654ff6991f34,dilute.discount,available,7.99,43.99,high,low,6,name.com,,,
4d56e9c4-f3d6-4695-b195-0efb9af6ce31,gaston.discount,available,30.99,30.99,high,low,6,namesilo,,,25/09/2026 12:38
18e55e1a-f743-45ca-bf39-972d3de350d8,insightful.discount,available,7.99,43.99,high,low,10,name.com,,,22/08/2026 07:06
43a9eb49-d92f-409e-940b-31eff92d2483,hui.discount,available,29.98,39.98,high,low,3,namecheap,,,27/09/2026 07:46
3f61caf2-45cd-4114-b4ee-50ba8df7dab6,federation.discount,available,30.99,30.99,high,low,10,namesilo,,,28/09/2026 09:44
fb9a76be-7180-48cc-83a8-fc9fbde44205,gossamer.discount,available,7.99,43.99,medium,low,8,name.com,,,12/08/2026 14:32
a50879bc-5458-422c-964f-7d091ebadea2,apocrypha.discount,available,29.98,39.98,medium,low,9,namecheap,,,19/09/2026 18:13
a54fd509-e3d5-4cc6-a85e-2285bb1c67cd,bettering.discount,available,7.99,43.99,high,low,9,name.com,,,09/08/2026 18:11
f7c1eb97-37a4-4462-8fbb-e2c898a022f0,tide.discount,available,7.99,,high,low,4,name.com,,,
d1be8054-e58d-4cb8-8ab2-0377562a6218,boone.discount,available,30.99,30.99,high,low,5,namesilo,,,25/09/2026 01:56
d80e9650-22e5-4946-b864-0adc614c5f22,nonuniform.discount,available,7.99,43.99,medium,low,10,name.com,,,22/08/2026 05:15
8662bcc8-1afe-42aa-b5fe-d4f6b6de78f6,sermon.discount,available,23.2,23.2,high,low,6,cloudflare,,,29/09/2026 07:53
15ec9adb-bde5-4321-8143-47352e7ec2a8,recycling.discount,available,23.2,23.2,high,low,9,cloudflare,,,28/09/2026 20:17
1d0d382e-9c74-4eb0-89ee-aa5ab35c5ec0,racetrack.discount,available,7.99,,high,low,10,name.com,,,
895e529f-761b-48d1-be68-888722253c65,omen.discount,available,30.99,30.99,high,low,4,namesilo,,,27/09/2026 07:13
ac36b9bf-224c-41d0-b379-7660639c8439,bauhaus.discount,available,30.99,30.99,high,low,7,namesilo,,,22/09/2026 16:36
85b545af-2999-437c-a62f-232f279ac79a,astrakhan.discount,available,29.98,39.98,medium,low,9,namecheap,,,20/09/2026 17:31
4877d3a1-df5f-46a9-a3fa-9f3065dd64a9,grotesque.discount,available,7.99,43.99,medium,low,9,name.com,,,
f1de5f99-fd5b-42a8-9b87-c64286ab6a45,fisherman.discount,available,24.01,24.01,high,low,9,spaceship,,,28/09/2026 05:43
ba28c680-a14b-4b41-a41c-205a8821c969,bookable.discount,available,7.99,43.99,high,low,8,name.com,,,10/08/2026 19:04
0bdcfcaa-7cfb-4d3f-90c4-5b12bae9c7be,stamps.discount,available,4.5,24.83,medium,low,6,dynadot,,,28/09/2026 08:32
3fec0187-cac0-4852-8d95-af6c018bab57,maginot.discount,available,29.98,39.98,medium,low,7,namecheap,,,19/09/2026 04:15
845c9ac2-7300-4a7d-aa39-b0426db483d1,dismay.discount,available,24.01,24.01,medium,low,6,spaceship,,,28/09/2026 20:03
6d7bc95a-d4e5-4b48-bfe6-cec4938188c0,centered.discount,available,7.99,43.99,high,low,8,name.com,,,12/08/2026 00:03
6ffa2586-c395-4cd9-af2e-da37cfcf1870,turbulence.discount,available,30.99,30.99,high,low,10,namesilo,,,29/09/2026 08:09
1a3ada81-cfc6-4003-b2e9-94a5e6d72694,governance.discount,available,7.99,43.99,high,low,10,name.com,,,20/08/2026 17:22
6dc66893-74af-43ce-b5ae-1578d7b443ec,arabs.discount,available,29.98,39.98,medium,low,5,namecheap,,,29/09/2026 11:16
f9696c58-9578-4ddf-8d10-2814d63b8b5a,cyprinoid.discount,available,7.99,43.99,medium,low,9,name.com,,,13/08/2026 14:30
6c3bea2c-bcce-408d-bb65-62285186ad0a,colossal.discount,available,7.99,43.99,high,low,8,name.com,,,12/08/2026 17:57
5bd79b60-6e65-4803-89b6-49c17d9d7e67,participate.discount,available,30.99,30.99,high,low,11,namesilo,,,28/09/2026 07:01
a8c89ff9-97c5-41c3-895c-5bd6c9dd99bb,adorer.discount,available,30.99,30.99,high,low,6,namesilo,,,17/09/2026 09:45
e457abc4-cc0b-4401-b23c-dcf68189a763,sleeper.discount,available,24.01,24.01,medium,low,7,spaceship,,,29/09/2026 06:29
9ae3216f-fbaf-4c21-a17d-223331d18070,hezbollah.discount,available,24.01,24.01,medium,low,9,spaceship,,,29/09/2026 07:16
e5c9f145-461b-465c-b8aa-6f8187e4e365,buzzed.discount,available,7.99,,high,low,6,name.com,,,
3094a5d6-b8b8-4188-a4ac-fd10cef51f8c,winston.discount,available,30.99,30.99,high,low,7,namesilo,,,25/09/2026 14:24
d11fc362-33af-4cf4-a3c9-3596db1afabd,tosh.discount,available,30.99,30.99,medium,low,4,namesilo,,,21/09/2026 23:54
8239bd2f-c9c2-439c-98b5-8be06ed2d2be,trumbull.discount,available,4.63,24.2,medium,low,8,porkbun,,,28/09/2026 14:37
fd2950e5-3a93-4f03-bc9c-286564bce4e5,coquettish.discount,available,7.99,43.99,medium,low,10,name.com,,,13/08/2026 00:44
3d4fb4d8-7a11-45dc-9a57-f8b426f14b97,shaving.discount,available,4.5,24.83,medium,low,7,dynadot,,,28/09/2026 20:07
2dd8f7da-3247-490e-82f6-fe254e5ec4eb,agatha.discount,available,30.99,30.99,high,low,6,namesilo,,,28/09/2026 12:02
09c02407-af2a-423d-9d98-01ce94ddd9c7,hickman.discount,available,30.99,30.99,high,low,7,namesilo,,,28/09/2026 16:11
6a9200dc-2c52-4fa8-9c26-99ee16754478,rufus.discount,available,23.2,23.2,high,low,5,cloudflare,,,28/09/2026 16:19
f6f25399-6a4c-4225-8db6-23f5c0e617d3,presumably.discount,available,29.98,39.98,medium,low,10,namecheap,,,15/09/2026 21:20
58668349-d49d-4461-9126-30a50b664cd5,concealing.discount,available,7.99,43.99,high,low,10,name.com,,,12/08/2026 19:52
0f0da12e-e211-465e-b136-b46c78cb3054,reconstruct.discount,available,29.98,39.98,high,low,11,namecheap,,,29/09/2026 21:11
5f2c9e21-04db-4fee-a755-d5539fe3f1ff,measurably.discount,available,29.98,39.98,medium,low,10,namecheap,,,15/09/2026 13:50
f7928f8a-3b26-48b9-964d-c0da3c4c9353,cubitus.discount,available,30.99,30.99,high,low,7,namesilo,,,20/09/2026 11:25
626a1e18-259a-440f-9009-2cdcda9b3133,nnw.discount,available,29.98,39.98,high,low,3,namecheap,,,15/09/2026 16:52
3deb3470-d1aa-49f6-baab-9da3f91cd70e,minimums.discount,available,29.98,39.98,medium,low,8,namecheap,,,20/09/2026 08:36
b10bac42-1724-41fc-b4d1-db5aaf5ed55c,traditional.discount,available,24.01,24.01,high,low,11,spaceship,,,27/09/2026 16:56
8fedc9f1-72cc-4616-bc55-9568612daa4b,clowning.discount,available,30.99,30.99,medium,low,8,namesilo,,,29/09/2026 05:10
b15a4d70-4106-4fc2-beb4-18302acd22b8,marie.discount,available,30.99,30.99,high,low,5,namesilo,,,25/09/2026 17:44
7436e373-bb8d-42dc-8e85-c9c799ee5684,moose.discount,available,30.99,30.99,high,low,5,namesilo,,,18/09/2026 03:57
15a651e0-e6ee-4307-ba61-886831febee6,splendid.discount,available,7.99,43.99,high,low,8,name.com,,,17/08/2026 16:04
f11e508b-69ec-489d-9492-3bee9de21995,coddle.discount,available,29.98,39.98,high,low,6,namecheap,,,21/09/2026 13:03
a0b31981-c7ba-4b26-a61c-857be17cfde3,wailing.discount,available,7.99,43.99,medium,low,7,name.com,,,22/08/2026 19:04
3bf6b0f9-3874-4155-a702-9800cbab9fd8,milfoil.discount,available,30.99,30.99,medium,low,7,namesilo,,,17/09/2026 00:37
48959643-4b6e-440f-a2f5-ba6d6dfaa500,acapulco.discount,available,29.98,39.98,high,low,8,namecheap,,,16/09/2026 21:10
3a031897-ab94-4cbf-8aad-d036fe8925a4,crazy.discount,premium,41.25,41.25,high,low,5,name.com,,,23/09/2026 02:03
9a0397cf-a8f2-4bcd-ac7c-bedd99634ba1,atv.discount,premium,38.94,38.94,high,low,3,namesilo,,,29/09/2026 21:49
7512632b-a367-436a-8b94-70319b14161d,tameable.discount,available,29.98,39.98,medium,low,8,namecheap,,,11/09/2026 07:38
5f95c965-8b65-4093-be72-3e657c34f5d7,proportion.discount,available,30.99,30.99,high,low,10,namesilo,,,27/09/2026 06:39
ab6f9301-1da2-44eb-8431-11ec1dea5560,cleary.discount,available,30.99,30.99,medium,low,6,namesilo,,,29/09/2026 15:01
670469d3-9e79-498f-86ec-d5c538cfd4bb,bellboy.discount,available,30.99,30.99,high,low,7,namesilo,,,23/09/2026 05:55
a9cfb982-1b23-4d13-bdcf-94acbb9c2646,dictator.discount,available,7.99,43.99,high,low,8,name.com,,,07/08/2026 19:17
5697865e-e646-4ee0-a888-a3148242b06a,akan.discount,available,30.99,30.99,high,low,4,namesilo,,,17/09/2026 23:50
8f69344d-e831-4280-92ab-b7b782afe9de,pitchy.discount,available,7.99,43.99,medium,low,6,name.com,,,12/08/2026 13:45
1a704c51-452e-4bb5-8804-5b512e1651a1,skillful.discount,available,7.99,43.99,high,low,8,name.com,,,21/09/2026 17:27
93d97d35-72f1-4307-86f3-b1defda62421,tale.discount,available,7.99,43.99,high,low,4,name.com,,,03/09/2026 13:20
168f46c7-21b6-4e08-85e0-109b11da6aca,semiformal.discount,available,7.99,43.99,high,low,10,name.com,,,10/08/2026 11:42
c87b2c65-d9a0-4948-b175-17761ef66f11,arrowhead.discount,available,30.99,30.99,high,low,9,namesilo,,,20/09/2026 09:30
2a2fd34a-5d3e-41a1-8c60-f65a321cca01,lowercase.discount,available,30.99,30.99,high,low,9,namesilo,,,25/09/2026 15:23
baa18f3e-087e-4a68-a225-f72390278a9d,flor.discount,available,7.99,,high,low,4,name.com,,,
8a007154-4a6a-4f4f-910f-bbc3fb3faea5,racehorse.discount,available,29.98,39.98,high,low,9,namecheap,,,22/09/2026 01:58
89eb07a1-e3c1-4d36-ae05-8eca53f4c049,gamy.discount,available,7.99,43.99,medium,low,4,name.com,,,18/08/2026 19:55
6133abd4-90b4-4a7f-bbed-2e9f6187718b,peaky.discount,available,7.99,43.99,medium,low,5,name.com,,,08/09/2026 11:10
614bfc8b-c786-464d-9dcf-36f62cdf782f,antidote.discount,available,7.99,43.99,high,low,8,name.com,,,19/09/2026 14:20
ff9969d8-5bfc-46bc-a9d9-4283c07b8e1d,eudaimonia.discount,available,29.98,39.98,high,low,10,namecheap,,,12/09/2026 23:00
cd0b05fa-3ad0-4d49-be62-9d98370f006e,placement.discount,available,29.98,39.98,high,low,9,namecheap,,,09/09/2026 00:08
7a055dc6-68c0-4d8c-958e-253aeb95c2d5,nonionic.discount,available,29.98,39.98,medium,low,8,namecheap,,,03/09/2026 19:33
25b108d3-c754-4233-940e-421bcd96553a,domed.discount,available,7.99,43.99,high,low,5,name.com,,,14/08/2026 15:37
72d993dc-6e45-4874-9a5f-56a4892241d7,brewster.discount,available,24.01,24.01,medium,low,8,spaceship,,,28/09/2026 11:34
46ed068f-e9dc-48e7-88b2-2c2f389b6a73,unedited.discount,available,7.99,43.99,medium,low,8,name.com,,,12/09/2026 08:51
74aea87c-0e5f-4c34-8c0c-897fcc8dd83c,kilobyte.discount,available,24.01,24.01,high,low,8,spaceship,,,30/09/2026 01:18
6e9f041d-3cb6-4560-9774-64d972a7f3d3,decayed.discount,available,7.99,43.99,medium,low,7,name.com,,,13/08/2026 20:59
bb275b92-86bb-4bbc-8be7-96dfbddf6cf4,devotional.discount,available,7.99,43.99,high,low,10,name.com,,,14/08/2026 05:15
bbafb848-cbb1-40f5-8fb6-a2e0adbfb00c,chestnut.discount,available,30.99,30.99,high,low,8,namesilo,,,23/09/2026 14:04
1e99d469-5a05-4f75-b698-5cdaefa77dd5,alcahest.discount,available,30.99,30.99,medium,low,8,namesilo,,,18/09/2026 03:43
2a42d6af-8f5e-4511-9b67-5c542ea532f6,strictly.discount,available,29.98,39.98,high,low,8,namecheap,,,15/09/2026 22:03
275707a0-a914-418b-a2b0-966375a5c685,rating.discount,available,23.2,23.2,high,low,6,cloudflare,,,28/09/2026 19:08
f9ee6147-81ec-4344-910e-9c6785c5a3d1,illustrious.discount,available,29.98,39.98,high,low,11,namecheap,,,29/09/2026 21:10
62b8647b-d069-426b-b062-42c2d1817d2e,mantra.discount,available,7.99,,high,low,6,name.com,,,
44ecd9a2-08fd-4dff-b348-8089e3f18111,beard.discount,available,29.98,39.98,high,low,5,namecheap,,,22/09/2026 21:01
b633c42a-11a3-47b9-8f67-0f551ec5eecd,habits.discount,available,24.01,24.01,medium,low,6,spaceship,,,28/09/2026 04:46
d8f4d7e4-f180-4bc7-9003-cd4c3cecb283,jawless.discount,available,7.99,43.99,high,low,7,name.com,,,22/08/2026 12:34
cc036d8d-5f77-4e85-9089-5581a4d1063a,heraldic.discount,available,7.99,43.99,medium,low,8,name.com,,,21/08/2026 06:53
725f2cb0-47e1-4c5c-b87e-689987e4f0b4,islamabad.discount,available,30.99,30.99,medium,low,9,namesilo,,,29/09/2026 06:15
05834cdc-aef7-475d-8983-5ffd51c2645d,homeless.discount,available,7.99,43.99,high,low,8,name.com,,,14/08/2026 12:07
ed7c918e-5bfc-430f-927c-16da2d58af08,caretaker.discount,available,30.99,30.99,high,low,9,namesilo,,,28/09/2026 13:39
2747cdab-11d4-4238-9c09-e6f29779482c,roofs.discount,available,7.99,,medium,low,5,name.com,,,
592be7f6-beff-4cb8-9932-59d15d1f593b,swimmingly.discount,available,29.98,39.98,medium,low,10,namecheap,,,16/09/2026 02:58
7e5065f3-d679-4e56-b4e6-7afb26ce4402,woodbine.discount,available,29.98,39.98,high,low,8,namecheap,,,18/09/2026 20:11
9a694569-f4ff-4387-8343-f90be5b76394,slideshow.discount,available,7.99,,high,low,10,name.com,,,
bdd68d32-1a98-4231-9dce-e091109b682b,lisa.discount,available,30.99,30.99,high,low,4,namesilo,,,25/09/2026 12:07
5a398d64-cb3c-4805-a078-8746c869b512,bombing.discount,available,29.98,39.98,medium,low,7,namecheap,,,27/09/2026 11:45
1f30c5ba-44bf-4a2d-8921-a936bc405206,cyprinid.discount,available,7.99,43.99,medium,low,8,name.com,,,13/08/2026 14:27
4fad6ab9-cf06-4b89-85cc-415740f14a18,ham.discount,premium,34.36,34.36,high,low,3,spaceship,,,29/09/2026 20:34
9d351ba4-a153-4334-87ae-abbf36583a1d,despoiled.discount,available,7.99,43.99,medium,low,9,name.com,,,14/08/2026 04:23
c8cbbb72-8175-486f-aff1-5ed26e3024c8,linearly.discount,available,29.98,39.98,medium,low,8,namecheap,,,15/09/2026 12:25
692a57d0-d406-4aa8-97a7-513b40219b9f,score.discount,available,24.01,24.01,high,low,5,spaceship,,,27/09/2026 18:29
3f6cd480-d2d4-4fcb-a6cf-2acac601266f,polk.discount,available,24.01,24.01,high,low,4,spaceship,,,29/09/2026 07:22
22955126-dd77-4c7c-b736-180654237b45,hyman.discount,available,4.5,24.83,medium,low,5,dynadot,,,28/09/2026 16:48
0b19175c-69a8-48fb-9836-d8d92f31e1a9,covered.discount,available,30.99,30.99,high,low,7,namesilo,,,24/09/2026 00:50
aa3102e1-b4b8-4bd7-bffe-f963029ac743,dsc.discount,available,23.2,23.2,high,low,3,cloudflare,,,29/09/2026 21:44
33f45524-3fb7-4d10-8941-1a4e071886cf,pictorial.discount,available,7.99,43.99,high,low,9,name.com,,,23/08/2026 01:46
655d8610-a0e0-4444-8b9d-9d008618e71a,proscribed.discount,available,7.99,43.99,medium,low,10,name.com,,,18/08/2026 11:01
d1dbbd0b-b52a-4d12-9a68-c7fd84829cdc,insistent.discount,available,7.99,43.99,medium,low,9,name.com,,,13/08/2026 09:33
46921237-8606-40fe-a444-66af7ee5d474,sequent.discount,available,7.99,43.99,high,low,7,name.com,,,
a3a26cf3-5af1-4940-b608-de861790643b,seething.discount,available,29.98,39.98,medium,low,8,namecheap,,,10/09/2026 01:49
2465a8ce-2670-4c8f-843b-c0dd63a73d71,faith.discount,premium,260,260,high,low,5,namecheap,,,29/09/2026 18:54
a09db831-a469-44f8-9fbe-40dcbefc2b4d,woes.discount,available,30.99,30.99,medium,low,4,namesilo,,,20/09/2026 07:52
4da14445-ec73-47da-8664-b0aba5f6fc96,freed.discount,available,23.2,23.2,high,low,5,cloudflare,,,29/09/2026 05:07
ab1aa955-508a-4120-ab2e-ebe42f11c063,anorexic.discount,available,7.99,43.99,medium,low,8,name.com,,,
9113c9eb-c102-4471-8b34-4d7ca5f7704c,rook.discount,available,29.98,39.98,high,low,4,namecheap,,,14/09/2026 07:54
e3286ac8-d85b-43ed-886a-ef690e95d7fe,included.discount,available,7.99,43.99,high,low,8,name.com,,,22/08/2026 01:33
dad5a2fb-47fc-4bb2-9dc4-807946056b97,cherish.discount,available,30.99,30.99,high,low,7,namesilo,,,29/09/2026 08:23
645c23b0-ae29-4ee0-86b3-fda8f8b4a2ef,tocsin.discount,available,30.99,30.99,medium,low,6,namesilo,,,18/09/2026 01:57
52889ad8-1193-4c1b-807f-edfac0f54153,gradually.discount,available,29.98,39.98,high,low,9,namecheap,,,14/09/2026 22:00
32f0945d-1f5a-43c6-8d7d-9d023f478859,petalous.discount,available,29.98,39.98,medium,low,8,namecheap,,,08/09/2026 18:15
bf99bdcd-325b-426f-b573-68f8ffc7ab35,intrepid.discount,available,29.98,39.98,high,low,8,namecheap,,,22/09/2026 12:24
e83b42c5-59af-4e42-bd31-bbab524eb292,recruited.discount,available,30.99,30.99,medium,low,9,namesilo,,,18/09/2026 00:53
4447c307-2bcd-45cf-b757-40822b0e5447,jalisco.discount,available,30.99,30.99,high,low,7,namesilo,,,29/09/2026 15:31
143abd0e-1507-4631-bbbf-f6e0963f225b,shout.discount,available,23.2,23.2,high,low,5,cloudflare,,,29/09/2026 12:22
c561da55-6cfe-42c9-a70b-17bf4d184167,ascribe.discount,available,30.99,30.99,high,low,7,namesilo,,,21/09/2026 02:19
d1471540-a848-4bcc-bdff-6bbdfee01bf7,etched.discount,available,7.99,43.99,high,low,6,name.com,,,17/08/2026 07:41
055d7933-a3d0-4578-b77d-688defbf633e,bitters.discount,available,29.98,39.98,high,low,7,namecheap,,,23/09/2026 23:09
fe4d75c2-a679-444a-836f-fcc676033e63,elder.discount,available,7.99,43.99,high,low,5,name.com,,,16/08/2026 01:32
b5c2d555-0e89-4f17-83d5-090a867bc744,hilbert.discount,available,24.01,24.01,high,low,7,spaceship,,,28/09/2026 05:30
792917eb-2b12-4118-9bbc-e5514a37fa76,upbeat.discount,available,29.98,39.98,high,low,6,namecheap,,,04/09/2026 01:23
0dcfdd12-da7b-4559-9e5b-766a5a8cc41c,cartoon.discount,available,29.98,39.98,high,low,7,namecheap,,,19/09/2026 08:59
8829b1ab-0fbd-42d3-b123-ac19727dcae5,stably.discount,available,7.99,43.99,high,low,6,name.com,,,16/09/2026 06:43
5ce19e2d-e613-4d64-b8a8-df15f50dd8f7,dismissed.discount,available,30.99,30.99,medium,low,9,namesilo,,,24/09/2026 11:01
0e082c66-1536-45c8-8842-5fe6c6540603,epical.discount,available,7.99,43.99,medium,low,6,name.com,,,17/08/2026 10:29
52e746b8-8b45-48b7-8b7d-2a76be3f554f,developments.discount,available,30.99,30.99,high,low,12,namesilo,,,29/09/2026 16:40
69e4beaa-63f9-4c41-ba5b-d8cc1c8ee087,priced.discount,available,30.99,30.99,high,low,6,namesilo,,,30/09/2026 00:11
b2eaddc6-9507-4f6b-96d7-1b68e6004cdd,donkey.discount,available,29.98,39.98,high,low,6,namecheap,,,29/09/2026 16:28
944b4084-6a35-429a-9a6d-a10d93d5a57b,clayton.discount,available,30.99,30.99,high,low,7,namesilo,,,25/09/2026 21:46
dc80cfd2-a460-4e6f-9d5b-aa8f63cdec12,entity.discount,available,29.98,39.98,high,low,6,namecheap,,,29/09/2026 02:32
3aa5dadd-5e07-493a-9373-2ab5910f6ea2,leftover.discount,available,7.99,43.99,high,low,8,name.com,,,22/08/2026 22:41
482a5a72-71e9-4bb6-b552-9e86474c6f3e,razz.discount,available,30.99,30.99,medium,low,4,namesilo,,,21/09/2026 19:47
6de7af30-b108-4601-8553-4afa11842686,unchanged.discount,available,7.99,43.99,high,low,9,name.com,,,12/09/2026 00:32
e8d2b85e-b3cc-4a39-9211-48e35f964873,tearful.discount,available,7.99,43.99,medium,low,7,name.com,,,14/08/2026 15:35
85e018e3-da88-4b09-bdf9-d02299fdd463,monks.discount,available,30.99,30.99,high,low,5,namesilo,,,28/09/2026 21:40
8b1b7f53-9900-45c6-ad95-06e17a80a2bb,volcano.discount,available,7.99,,high,low,7,name.com,,,
f5f63f2a-0d2a-4c35-9013-a72a43a4d469,madonna.discount,available,29.98,39.98,high,low,7,namecheap,,,24/09/2026 06:06
0dedfcc4-b4e6-4ccb-aaae-0f3e7d4704ea,overstated.discount,available,7.99,43.99,medium,low,10,name.com,,,17/08/2026 15:36
26a96fae-e8ae-4278-9cdd-c647543b297e,suchlike.discount,available,29.98,39.98,medium,low,8,namecheap,,,11/09/2026 01:00
f3b64d56-d716-4060-89f1-402e46143b73,peep.discount,available,30.99,30.99,high,low,4,namesilo,,,24/09/2026 14:07
49b79b01-cd26-4b92-91e5-2008db15d726,jugular.discount,available,7.99,43.99,medium,low,7,name.com,,,22/08/2026 14:16
044ff5cd-0e68-40f7-a9d6-d7ee8eb34ca7,mci.discount,available,23.2,23.2,high,low,3,cloudflare,,,29/09/2026 15:50
13c63937-a219-4545-9f62-e2e55f96b096,eyepiece.discount,available,29.98,39.98,medium,low,8,namecheap,,,04/09/2026 00:46
4fb8729c-8e6b-4071-9683-948a200d8741,belong.discount,available,7.99,,high,low,6,name.com,,,
e2ba10e1-beb8-4b48-bca9-03331e306e6b,spencer.discount,available,24.01,24.01,high,low,7,spaceship,,,27/09/2026 14:02
ccc81331-bbf5-4d65-a388-2dcc3358f91d,darren.discount,available,30.99,30.99,high,low,6,namesilo,,,28/09/2026 11:25
1d0de319-85f0-488b-b006-da3b06ebd6dc,customs.discount,available,30.99,30.99,high,low,7,namesilo,,,24/09/2026 20:42
24ecfb80-7f3d-4606-800c-f3e87ffde675,blower.discount,available,7.99,43.99,medium,low,6,name.com,,,12/08/2026 01:06
06a65910-7059-496e-bb30-13178c7490f1,helen.discount,available,7.99,43.99,high,low,5,name.com,,,25/09/2026 07:10
a7dd3b51-18de-4d31-987e-e61022c6a3b5,banquet.discount,available,29.98,39.98,high,low,7,namecheap,,,22/09/2026 02:59
0a1830ad-2542-44f5-a4d1-fdcc25543da5,exon.discount,available,24.01,24.01,medium,low,4,spaceship,,,30/09/2026 01:04
499193a2-ab02-48bd-9b48-5b044b15c7fe,rituals.discount,available,29.98,39.98,medium,low,7,namecheap,,,29/09/2026 05:40
e3b696ab-ddb1-484d-ac76-0edce4b9ff99,norris.discount,available,30.99,30.99,high,low,6,namesilo,,,23/09/2026 08:18
2b1e4f79-ee20-42c0-941d-3074930239a9,civilian.discount,available,7.99,43.99,high,low,8,name.com,,,12/08/2026 09:04
192c51fb-61bf-4208-9995-10f3340fd69f,hostelry.discount,available,30.99,30.99,medium,low,8,namesilo,,,21/09/2026 02:26
83f2cae0-f62b-4d24-a669-00863ba2e6b3,plumb.discount,available,7.99,43.99,high,low,5,name.com,,,12/08/2026 10:05
eefa16cf-4283-4966-a34e-10b529973644,scouts.discount,available,24.01,24.01,high,low,6,spaceship,,,28/09/2026 04:05
70eb7c98-470d-4ceb-ba5a-cd6ab728f0e8,techno.discount,available,29.98,39.98,high,low,6,namecheap,,,25/09/2026 14:39
b37f6308-a209-4227-a78e-87772414a714,midnight.discount,available,29.98,39.98,high,medium,8,namecheap,,,25/09/2026 09:24
4c4e0789-3f2f-433a-bd52-9a981b157f81,danny.discount,available,30.99,30.99,medium,low,5,namesilo,,,25/09/2026 17:19
f6a8ea5a-a2fe-4191-b83d-de1f68887fcb,wickedness.discount,available,7.99,43.99,medium,low,10,name.com,,,17/08/2026 15:06
9462e0e6-7096-4513-9559-4a46902d15ca,nutritious.discount,available,30.99,30.99,high,low,10,namesilo,,,19/09/2026 11:02
afd089ed-292e-481b-b046-1a09af022470,cage.discount,available,29.98,39.98,high,low,4,namecheap,,,22/09/2026 14:36
c982df8b-8a5f-43e0-b70c-9e148fad2c51,expire.discount,available,30.99,30.99,high,low,6,namesilo,,,29/09/2026 12:11
b2314e78-250d-477e-8f37-66cd1704355a,volkswagen.discount,available,7.99,,high,low,10,name.com,,,
638e6b51-f749-4a25-8567-008f984a72aa,upturned.discount,available,29.98,39.98,medium,low,8,namecheap,,,04/09/2026 21:58
fb8689d6-9ef9-4fc1-a055-5db0161abf54,pedestal.discount,available,24.01,24.01,high,low,8,spaceship,,,29/09/2026 12:23
30aa88b4-4182-4103-9829-fa2af6e87f8d,wretched.discount,available,7.99,43.99,medium,low,8,name.com,,,14/08/2026 04:09
d414ab20-45cd-4047-99f9-d70a3cf42cc7,brusque.discount,available,7.99,43.99,medium,low,7,name.com,,,11/08/2026 07:02
8210279a-e903-4373-8d86-a8bfe0fb4bcd,adroitly.discount,available,7.99,43.99,medium,low,8,name.com,,,13/09/2026 17:25
fe67c682-6913-418f-b249-e36492cbe5e8,williamsport.discount,available,24.01,24.01,medium,low,12,spaceship,,,29/09/2026 15:53
0039eb33-ee94-4f97-8017-e7e214666903,whim.discount,available,30.99,30.99,high,low,4,namesilo,,,24/09/2026 12:39
40a28190-dbb6-4492-9c23-b413fef26038,baggy.discount,available,30.99,30.99,high,low,5,namesilo,,,22/09/2026 16:21
c2220ac0-7a80-4869-8c66-148c123a173b,septet.discount,available,7.99,43.99,medium,low,6,name.com,,,
5e5f0534-4682-4ffc-bca4-4afd2b7a0d2d,tical.discount,available,29.98,39.98,medium,low,5,namecheap,,,21/09/2026 18:48
d846e75a-31ec-438d-8c44-7b5f0140c362,gratitude.discount,available,24.01,24.01,high,low,9,spaceship,,,29/09/2026 21:31
93179b65-1c7b-4a0c-a0fa-3121c18f523c,hokey.discount,available,7.99,43.99,medium,low,5,name.com,,,09/08/2026 00:37
3b61a5a4-62c5-4c52-ae01-7d7eeb749cec,bringing.discount,available,29.98,39.98,high,low,8,namecheap,,,29/09/2026 04:22
53c1fdad-fcb4-4900-8425-80a6cd73a05c,lounge.discount,available,29.98,39.98,high,low,6,namecheap,,,11/09/2026 08:25
8e91165a-a074-42b1-a0cf-c6433f97adf1,sedative.discount,available,30.99,30.99,high,low,8,namesilo,,,22/09/2026 10:55
55be664c-3d08-4a64-8101-33dcc0c1d422,harmon.discount,available,30.99,30.99,high,low,6,namesilo,,,27/09/2026 07:57
4378b972-1057-41aa-a434-9d32b4b88b3f,convinced.discount,available,7.99,,high,low,9,name.com,,,
eac277ea-26aa-447d-ac14-92a4c44eeed0,funky.discount,available,7.99,43.99,high,low,5,name.com,,,18/08/2026 02:27
3cef8eda-ef80-4a14-984c-771116880849,dachshund.discount,available,29.98,39.98,high,low,9,namecheap,,,21/09/2026 17:04
1bbb0e46-ddd2-449f-870d-cc69a7f05a4d,expressed.discount,available,7.99,43.99,high,low,9,name.com,,,17/08/2026 18:26
a5650bf9-2367-4387-ac00-cef016113cfc,regarding.discount,available,30.99,30.99,high,low,9,namesilo,,,27/09/2026 06:20
294a7c11-ceea-4994-864b-21d64bb17d51,sunset.discount,available,30.99,30.99,high,low,6,namesilo,,,28/09/2026 01:58
f78c57a6-559d-4cbe-bb61-8ddf79fd69ff,widgeon.discount,available,30.99,30.99,medium,low,7,namesilo,,,19/09/2026 02:58
755017a4-fdf6-4d91-86f4-969b18656774,butler.discount,available,23.2,23.2,high,low,6,cloudflare,,,28/09/2026 01:17
e8c7507a-7852-42d6-b3bd-15750a738992,bio.discount,premium,38.94,38.94,high,medium,3,namesilo,,,
d529a330-cf87-4e3f-a653-2dfca767f6f1,baptistry.discount,available,29.98,39.98,medium,low,9,namecheap,,,22/09/2026 03:28
446a809c-db8f-41d6-a081-56a2a1bef6d2,detailed.discount,available,29.98,39.98,high,low,8,namecheap,,,24/09/2026 07:09
ba4d7871-95f9-4ef3-80f3-a697b52ded53,motel.discount,premium,128.7,128.7,high,low,5,namecheap,,,25/09/2026 09:27
45927106-ba6f-422e-a806-2d45fc476434,schumann.discount,available,24.01,24.01,high,low,8,spaceship,,,28/09/2026 05:27
fe62b18f-c90f-4ebc-ba3a-90b325496054,terms.discount,available,24.01,24.01,high,low,5,spaceship,,,29/09/2026 19:50
f82fb521-f21f-4350-af3c-1dbdf1129458,approved.discount,available,7.99,43.99,high,low,8,name.com,,,06/08/2026 09:20
aef6dec6-2484-42c1-be3e-1f4c12f3baa2,blueish.discount,available,30.99,30.99,medium,low,7,namesilo,,,22/09/2026 22:51
a1972085-ae00-49fc-b494-691498e5f7eb,arsenic.discount,available,29.98,39.98,medium,low,7,namecheap,,,13/09/2026 21:07
e4f5b6eb-5979-4026-8ee7-bd200a43f240,bouquet.discount,available,30.99,30.99,high,low,7,namesilo,,,24/09/2026 07:35
68978f24-0f54-4d51-ae51-52e28c059932,twenties.discount,available,30.99,30.99,high,low,8,namesilo,,,16/09/2026 12:09
949dec3f-610e-456a-a608-d54489db613b,conditioned.discount,available,4.63,24.2,medium,low,11,porkbun,,,29/09/2026 22:53
3b037395-1cb9-4fb2-894e-87c9e3810a12,merchants.discount,available,30.99,30.99,high,low,9,namesilo,,,18/09/2026 04:36
0865d5c8-ed37-4dd5-ae8d-09641a3cc4fa,addend.discount,available,30.99,30.99,medium,low,6,namesilo,,,17/09/2026 06:41
61ba0d15-bee3-4728-b58d-7555685f1cd8,toller.discount,available,30.99,30.99,medium,low,6,namesilo,,,23/09/2026 05:41
70adaa91-a503-4238-8cba-bc3f0fce6953,nonzero.discount,available,29.98,39.98,high,low,8,namecheap,,,03/09/2026 18:39
bc44fa3a-bd66-46e3-b55a-a183e2ad1905,adalia.discount,available,30.99,30.99,medium,low,6,namesilo,,,17/09/2026 06:12
96aea12d-ae2c-46e4-9ff7-eabeadf3a1e7,browned.discount,available,7.99,43.99,medium,low,7,name.com,,,11/08/2026 06:29
5507c3eb-c08e-4aba-b7c0-5b87c24fe69b,caledonian.discount,available,24.01,24.01,high,low,10,spaceship,,,28/09/2026 21:31
3e1de46a-739a-4f32-84f6-86077b165f6b,mention.discount,available,30.99,30.99,high,low,7,namesilo,,,29/09/2026 09:27
31bdd000-d883-4c66-ae41-095007a66a3e,wrapper.discount,available,23.2,23.2,high,low,7,cloudflare,,,30/09/2026 01:54
e5aa8e25-83ab-4dd3-8842-9425fbb350e6,deft.discount,available,7.99,43.99,high,low,4,name.com,,,13/08/2026 23:50
18274082-735a-4136-9597-0aa1ce11f588,natalia.discount,available,29.98,39.98,medium,low,7,namecheap,,,29/09/2026 04:04
17aa9794-6b4b-4974-bf6a-1fa01fcfdf9a,babble.discount,available,29.98,39.98,high,low,6,namecheap,,,21/09/2026 12:19
ac220f4b-1af7-40f3-a8a1-a76c1b0f7444,upwind.discount,available,7.99,43.99,high,low,6,name.com,,,22/08/2026 22:35
64cc6aba-1b16-4a5c-a299-bfc98c88159e,facility.discount,available,4.63,24.2,high,low,8,porkbun,,,28/09/2026 18:28
87ff4770-be27-47a0-b99c-57a6ffeac16a,murmur.discount,available,29.98,39.98,high,low,6,namecheap,,,03/09/2026 11:16
f925564f-2fb5-408a-9ce2-479e4f788bfc,silence.discount,available,30.99,30.99,high,low,7,namesilo,,,26/09/2026 00:17
6edbc665-6cdb-4307-9ead-e6f685858d27,tully.discount,available,24.01,24.01,medium,low,5,spaceship,,,28/09/2026 19:49
98f33fbc-9f93-4ea0-86d7-74ec72a35534,deleted.discount,available,24.01,24.01,medium,low,7,spaceship,,,29/09/2026 21:19
692378a6-c1b9-49cf-9f0f-e7f2f2e17f02,jubilant.discount,available,7.99,43.99,high,low,8,name.com,,,17/08/2026 19:46
e2d1c80f-a7b9-499f-83e5-7e37182bc137,chop.discount,available,30.99,30.99,high,low,4,namesilo,,,29/09/2026 08:58
af1b2480-0cfc-4912-bbf7-09e1af344e0d,bette.discount,available,23.2,23.2,medium,low,5,cloudflare,,,29/09/2026 15:28
a25fd290-5b97-4afa-bc37-eb8593dc50ed,problematic.discount,available,29.98,39.98,high,low,11,namecheap,,,29/09/2026 14:26
12a65026-8889-467f-89e3-c9b103ffcdf6,sew.discount,premium,34.36,34.36,high,low,3,spaceship,,,29/09/2026 14:00
637b2311-5157-4669-8862-3d6a3d4c66dc,prodigious.discount,available,7.99,43.99,high,low,10,name.com,,,12/08/2026 17:58
6a72dc59-f3e5-4f1b-8fef-70e9fa61871f,frye.discount,available,24.01,24.01,medium,low,4,spaceship,,,28/09/2026 19:16
fc3dd1b8-4622-4ab1-8c96-f264e4ac3ed4,patched.discount,available,29.98,39.98,high,low,7,namecheap,,,08/09/2026 10:18
092d40ee-751e-4d16-a0d2-0d5c39d5a8a9,agonist.discount,available,29.98,39.98,medium,low,7,namecheap,,,17/09/2026 18:56
c82ebf90-78b1-4a81-ae45-cd378d1ac305,polygons.discount,available,24.01,24.01,medium,low,8,spaceship,,,29/09/2026 17:57
e7d0355e-cbdc-460a-8d90-a1ade6d0c1ea,immutably.discount,available,7.99,43.99,medium,low,9,name.com,,,15/09/2026 02:06
7b707a56-fa0d-4ff7-a31a-e2448f10cdc6,lust.discount,available,7.99,,high,low,4,name.com,,,
b9539f0e-c016-48e0-9a06-8f95db971a25,gresham.discount,available,4.63,24.2,medium,low,7,porkbun,,,29/09/2026 01:08
80237b35-e0c0-46f0-b114-7e2758294e39,molto.discount,available,29.98,39.98,medium,low,5,namecheap,,,15/09/2026 15:19
aa97adeb-f1ae-424e-ba6c-324704733c61,hegel.discount,available,30.99,30.99,medium,low,5,namesilo,,,28/09/2026 14:17
55b7eb4d-b597-4fad-a633-5269d015b2cb,runners.discount,available,30.99,30.99,high,low,7,namesilo,,,18/09/2026 06:01
997dc894-ba31-4fdf-923c-3c01c3ea0daf,albanian.discount,available,7.99,43.99,high,low,8,name.com,,,
5a1ffaea-9270-4d5c-97f5-b5517ab46264,hemisphere.discount,available,24.01,24.01,high,low,10,spaceship,,,29/09/2026 06:17
27565275-1a5f-42f6-a41b-614a12471077,himself.discount,available,7.99,,medium,low,7,name.com,,,
4074d090-eb2f-4ce3-ac2b-103642650330,extramural.discount,available,7.99,43.99,medium,low,10,name.com,,,17/08/2026 19:18
5b363176-75d0-4abb-9b62-ac5b5c7cbfc6,uut.discount,available,30.99,30.99,medium,low,3,namesilo,,,20/09/2026 22:17
779c1413-7793-4c04-bc30-1a526a20c96f,stoppage.discount,available,7.99,43.99,medium,low,8,name.com,,,20/08/2026 22:57
1886089b-bb9f-44a9-852e-f98bd958a101,snatched.discount,available,4.63,24.2,high,low,8,porkbun,,,29/09/2026 21:12
3f46b7a0-054f-4a5f-a355-bdf9c0d6facf,sworn.discount,available,30.99,30.99,high,low,5,namesilo,,,27/09/2026 04:14
9ea6f311-0be3-4a56-a314-8961157e15ff,mubarak.discount,available,24.01,24.01,medium,low,7,spaceship,,,29/09/2026 13:04
e62ac1eb-74ba-4653-81f2-f5c3120dfce8,forbidden.discount,available,7.99,43.99,medium,low,9,name.com,,,18/08/2026 10:59
63dae78e-1777-4838-936a-9291531a42d7,areas.discount,available,30.99,30.99,medium,low,5,namesilo,,,27/09/2026 10:01
0eefe5f1-7f3f-4699-98e8-c77db4df834f,cfa.discount,premium,38.94,38.94,high,low,3,namesilo,,,28/09/2026 03:42
fed4a56e-0071-4ddd-8413-119bd8cf8785,rideshare.discount,available,7.99,,high,low,9,name.com,,,
66b8f209-0b69-49ec-ae6c-3d854f54147e,scriptural.discount,available,7.99,43.99,medium,low,10,name.com,,,09/08/2026 18:55
24f04f32-9c61-4e4d-98dc-482bc366974e,arabian.discount,available,7.99,43.99,high,low,7,name.com,,,06/08/2026 11:05
91b900aa-0106-4a06-9268-ea272db990be,mulish.discount,available,7.99,43.99,low,low,6,name.com,,,21/08/2026 00:45
7a6f5815-bf28-4597-b7e8-4374a162a1b2,icc.discount,available,30.99,30.99,high,low,3,namesilo,,,25/09/2026 07:43
9f10a53e-e8fc-4205-a7fb-6a1599430698,fortunate.discount,available,7.99,43.99,high,low,9,name.com,,,18/08/2026 12:47
6a1679b4-ad37-446a-8e3a-d1eb311dccb9,lighter.discount,available,30.99,30.99,high,low,7,namesilo,,,22/09/2026 05:44
d1424057-6ef2-4551-8322-a877dc75cb7f,barrels.discount,available,30.99,30.99,high,low,7,namesilo,,,22/09/2026 08:23
dc85ccf6-ae8c-4491-8982-a663c8a19933,touching.discount,available,7.99,43.99,high,low,8,name.com,,,
bd8e78fb-5664-4c8d-ac5a-3ca1f8257777,theater.discount,premium,68.51,68.51,high,low,7,spaceship,,,28/09/2026 03:50
0202b569-785f-4abc-8405-b1be0447bfa8,slugs.discount,available,30.99,30.99,medium,low,5,namesilo,,,20/09/2026 08:54
8f20bfd2-f33d-4300-8027-c76c3d336ad4,stertorous.discount,available,29.98,39.98,low,low,10,namecheap,,,10/09/2026 20:21
35069b83-7b0c-4f2e-9113-d95a7c890d02,endogenous.discount,available,7.99,43.99,medium,low,10,name.com,,,17/08/2026 01:15
388e2e22-a1cc-4275-bd23-185e55866094,willis.discount,available,30.99,30.99,high,low,6,namesilo,,,25/09/2026 10:53
6d17e0cb-fd7d-467b-bc15-1c98ef86c94a,toilet.discount,available,30.99,30.99,high,low,6,namesilo,,,27/09/2026 04:48
9227d964-883e-48e3-b617-2feec1e3691b,breakdown.discount,available,30.99,30.99,high,low,9,namesilo,,,28/09/2026 01:08
8d8a7769-e6cf-4e6f-bb89-2a5494557d91,floors.discount,available,30.99,30.99,medium,low,6,namesilo,,,27/09/2026 22:02
ed1fae3f-8e68-4738-9176-250c43d57df8,constancy.discount,available,29.98,39.98,high,low,9,namecheap,,,24/09/2026 17:32
10c34b84-4b93-4171-b50c-fd1fb424a5fb,xxii.discount,available,30.99,30.99,high,low,4,namesilo,,,21/09/2026 12:40
fddf0ef5-60ec-44c6-ac4a-0b4047088ec5,sidesaddle.discount,available,29.98,39.98,medium,low,10,namecheap,,,16/09/2026 01:43
17c34de4-7d4e-4856-8d6f-11bf726d2820,carolingian.discount,available,24.01,24.01,high,low,11,spaceship,,,29/09/2026 21:19
527593af-3000-4d3c-8c19-17901c424745,alum.discount,available,7.99,43.99,high,low,4,name.com,,,20/08/2026 17:49
b265d232-f8b3-4201-a350-4d02dc6a8665,maid.discount,available,29.98,39.98,high,low,4,namecheap,,,25/09/2026 16:10
0f71b1aa-cf8d-4f2b-8601-76bbea2cd245,critique.discount,available,30.99,30.99,high,low,8,namesilo,,,29/09/2026 12:05
ea1a417b-cb11-4f2d-95e8-8896e3e56b8d,dubious.discount,available,7.99,43.99,high,low,7,name.com,,,14/08/2026 16:57
daf5637c-03ab-42ff-a0f7-4449848ac098,throughout.discount,available,7.99,43.99,high,low,10,name.com,,,17/08/2026 00:49
332c532b-fc10-45d1-b913-0702f7bbbc40,webster.discount,available,24.01,24.01,high,low,7,spaceship,,,28/09/2026 01:45
33a52094-191d-48e6-9476-ff0724eca2a5,peeking.discount,available,7.99,,high,low,7,name.com,,,
32b5358f-0e4e-4059-8346-45e875ecd059,kinder.discount,premium,38.94,38.94,high,medium,6,namesilo,,,
a32078a2-8ab0-4aaf-bdcb-95824d35b08e,ammonite.discount,available,30.99,30.99,high,low,8,namesilo,,,18/09/2026 22:08
a97369c7-070c-4858-8f19-f6c4a8d6565e,demands.discount,available,29.98,39.98,low,low,7,namecheap,,,27/09/2026 10:52
3b08f0a5-8e5a-47a1-965f-b1727c71510d,chapel.discount,available,23.2,23.2,high,low,6,cloudflare,,,28/09/2026 01:39
52d252f4-892a-4e7a-af3d-63466b17425f,snoopy.discount,available,29.98,39.98,medium,low,6,namecheap,,,03/09/2026 21:54
b18a7479-6ce0-4c03-a598-88637ccf0ec5,lee.discount,premium,38.94,38.94,high,medium,3,namesilo,,,22/08/2026 22:18
4a6a14ec-24f0-4911-ae2b-673af833ebdd,strong.discount,available,30.99,30.99,high,low,6,namesilo,,,25/09/2026 07:58
08caf10b-8754-42e6-b787-c34beafd21e7,alir.discount,available,7.99,43.99,medium,low,4,name.com,,,17/08/2026 22:11
7c9452d0-520f-43d6-b80f-d304209f2d5d,stunting.discount,available,30.99,30.99,medium,low,8,namesilo,,,17/09/2026 12:54
ad5b6945-0f68-42b8-88ae-a2a69819c887,bodily.discount,available,7.99,43.99,high,low,6,name.com,,,10/08/2026 16:52
a9863231-1f25-457f-b784-9edc38481cc8,boozer.discount,available,7.99,43.99,medium,low,6,name.com,,,
4b6d2cde-a7ed-47c0-b86f-54adaeac1f51,toni.discount,available,30.99,30.99,high,low,4,namesilo,,,27/09/2026 07:46
a8a767e5-3fba-4310-b555-f8e291702502,rhythmic.discount,available,24.01,24.01,high,low,8,spaceship,,,27/09/2026 14:50
4655756c-fee1-4316-90cf-309c33761c2d,hexangular.discount,available,7.99,43.99,medium,low,10,name.com,,,21/08/2026 07:48
5d423e31-7b60-4ec4-b2f2-1b1f5b1b9495,bps.discount,available,30.99,30.99,high,low,3,namesilo,,,23/09/2026 22:46
d0a5eb51-1db2-49c1-a840-89697540dd9e,sycamore.discount,available,30.99,30.99,high,low,8,namesilo,,,16/09/2026 23:36
8d37f47a-20f6-4c0f-b545-5589ceeae515,laughed.discount,available,24.01,24.01,medium,low,7,spaceship,,,28/09/2026 12:59
8dae93b4-3cb2-45b1-8103-773c436524fe,usance.discount,available,7.99,43.99,medium,low,6,name.com,,,13/08/2026 12:25
56fff90e-1f06-49e5-a05e-90735dde016c,quality.discount,premium,242,242,high,low,7,namesilo,,,23/09/2026 14:21
b6f3f597-6e4d-4c70-a8cf-24a5793187b3,adapter.discount,available,30.99,30.99,high,low,7,namesilo,,,17/09/2026 06:30
b47c30a2-9a62-40ab-9082-59a895280d80,omniscient.discount,available,7.99,43.99,high,low,10,name.com,,,
e23f0e05-c33c-4dbb-87e0-96a25ad32644,deccan.discount,available,4.63,24.2,medium,low,6,porkbun,,,29/09/2026 23:43
6e7ddc38-62b5-4fe9-b927-b084d2ab9a3b,oncologic.discount,available,29.98,39.98,medium,low,9,namecheap,,,04/09/2026 14:25
fcf06a1b-4bb1-48fa-aff8-b6436f238332,wan.discount,premium,38.94,38.94,high,low,3,namesilo,,,04/09/2026 23:53
19e0e801-940a-4d55-b019-018bac7be480,guardian.discount,available,4.5,24.83,high,medium,8,dynadot,,,28/09/2026 05:31
1046cb1f-1a3b-4988-ba61-cf45c7f8543e,toxicant.discount,available,29.98,39.98,medium,low,8,namecheap,,,08/09/2026 22:42
018b3acb-b7f8-418b-a65e-c25a47ee695c,scrubbed.discount,available,4.5,24.83,high,low,8,dynadot,,,27/09/2026 18:56
1a813d89-1269-466b-8742-24fffba987d2,wrathful.discount,available,29.98,39.98,medium,low,8,namecheap,,,13/09/2026 13:36
aa64803c-29bf-4620-b267-ee36ef3399b8,ever.discount,available,24.01,24.01,high,medium,4,spaceship,,,28/09/2026 12:12
9d10d63e-b6c4-4cf4-be72-0b24e7389966,fusion.discount,available,24.01,24.01,high,medium,6,spaceship,,,29/09/2026 01:03
58a45501-ebae-4703-afe8-8bb1ae6fe952,axis.discount,available,30.99,30.99,high,medium,4,namesilo,,,28/09/2026 23:58
7c5e6f07-e966-4ec1-9da7-f09acd618474,civilly.discount,available,29.98,39.98,medium,low,7,namecheap,,,14/09/2026 06:57
6f78fdbd-c83f-4e17-a4a8-461b82393467,aside.discount,available,4.63,24.2,high,low,5,porkbun,,,28/09/2026 12:23
edf1f70b-b21b-4540-a5e1-022a7d45b953,refused.discount,available,29.98,39.98,medium,low,7,namecheap,,,18/09/2026 13:40
3bff101e-0f00-4043-8330-8a1f3dbfd18b,stephens.discount,available,29.98,39.98,high,low,8,namecheap,,,25/09/2026 15:57
4c554350-4337-4857-b0a0-dfc41726d2a8,compassion.discount,available,30.99,30.99,high,low,10,namesilo,,,24/09/2026 16:46
c2a234c2-1267-4ec1-91f8-8d693ae9e83b,underwater.discount,available,29.98,39.98,high,low,11,namecheap,,,16/09/2026 17:58
bd59a01a-7f4b-453b-b81b-7a7cb5f5e2e1,alfalfa.discount,available,30.99,30.99,high,low,7,namesilo,,,18/09/2026 06:07
58cff832-6886-4fd4-86ba-a0a89940df05,zealot.discount,available,29.98,39.98,high,low,6,namecheap,,,08/09/2026 02:10
da89428e-bf03-4ff8-b4ad-8b1c6c8e2e77,prowlers.discount,available,30.99,30.99,low,low,8,namesilo,,,20/09/2026 12:42
48b18765-ee47-45c4-8b25-673e70fd5758,grapes.discount,available,24.01,24.01,high,low,6,spaceship,,,28/09/2026 12:35
f0e7a7be-5983-4258-87df-25ef6437880c,rigel.discount,available,30.99,30.99,medium,low,5,namesilo,,,23/09/2026 10:56
aac23ee3-44d4-4eb4-9c15-781a21f1f081,astrometry.discount,available,29.98,39.98,medium,low,10,namecheap,,,20/09/2026 17:53
c7d80e56-489b-46c0-be80-9c26aec4baf8,autogenous.discount,available,7.99,43.99,medium,low,10,name.com,,,07/08/2026 20:16
51638d65-3242-4c27-954d-cefc7ba7cd8d,statuesque.discount,available,7.99,43.99,medium,low,10,name.com,,,22/08/2026 14:32
d70f5dd9-8126-4c26-993a-f133f81429b7,scandalous.discount,available,7.99,43.99,medium,low,10,name.com,,,14/08/2026 10:26
5ae94a88-8142-4d7d-a1e5-62f91b258f1d,misleading.discount,available,7.99,43.99,medium,low,10,name.com,,,25/08/2026 01:34
b4b34a9f-977b-4573-855d-3c95efdf2768,delle.discount,available,4.5,24.83,medium,low,5,dynadot,,,28/09/2026 07:54
e4dcfeac-8933-4e39-ac28-36362b638c42,neglected.discount,available,7.99,43.99,medium,low,9,name.com,,,21/08/2026 18:36
08c0dedf-c714-484d-afc1-b21f493a3f4a,indulge.discount,available,30.99,30.99,high,low,7,namesilo,,,21/09/2026 13:04
cdc67e8e-7c02-4a83-b2e9-c53068f4a04f,childly.discount,available,7.99,43.99,medium,low,7,name.com,,,12/08/2026 05:14
6d08db0a-ef30-4f2c-9dd1-9041dce6d25d,beware.discount,available,24.01,24.01,medium,low,6,spaceship,,,28/09/2026 20:49
2bece2d9-57ef-45f1-8033-0dec754559f4,amplitudes.discount,available,23.2,23.2,medium,low,10,cloudflare,,,30/09/2026 00:33
1349d6bb-f9ca-48c6-b6de-dc359eabb74a,shapeless.discount,available,7.99,43.99,medium,low,9,name.com,,,
7c2c5dbc-5a5d-4791-99e0-37fdab218b8a,asset.discount,available,30.99,30.99,high,low,5,namesilo,,,28/09/2026 04:29
1419b5c0-5e1e-426c-9518-f86cd8417dfa,islands.discount,available,7.99,,high,low,7,name.com,,,
91ab323e-227e-47f1-b670-c6bf1b4362f9,inaccurate.discount,available,7.99,43.99,medium,low,10,name.com,,,22/08/2026 00:09
56fd9e4a-883d-4020-a69d-2d168b3dfcc9,quote.discount,premium,102.67,102.67,high,low,5,spaceship,,,30/09/2026 00:19
dedfcafd-f2b0-4c17-a595-f78219f4cbcd,angler.discount,available,30.99,30.99,high,low,6,namesilo,,,18/09/2026 11:39
1e6640c3-e106-449f-900e-67451c4565b8,baboon.discount,available,30.99,30.99,high,low,6,namesilo,,,21/09/2026 12:58
a27e3fe3-6e84-4e2f-83ab-a6d92d58482f,replying.discount,available,29.98,39.98,medium,low,8,namecheap,,,18/09/2026 12:55
75d57ffa-f370-478b-8a3e-fd77751fa5b2,maintenance.discount,available,23.2,23.2,high,low,11,cloudflare,,,27/09/2026 21:41
e0333aa6-10b2-4638-a3a4-5cf21d851bcc,isoclinic.discount,available,7.99,43.99,medium,low,9,name.com,,,22/08/2026 11:02
95196417-a247-4e68-8e8e-02ac08762eb8,grouchy.discount,available,7.99,43.99,medium,low,7,name.com,,,08/08/2026 07:52
1fb5a374-f73f-4d27-b5f0-17bd98558729,prize.discount,available,7.99,43.99,high,low,5,name.com,,,12/08/2026 06:35
a8aea2fb-a028-4350-a398-8e057dfe9765,june.discount,premium,118.8,118.8,high,low,4,namesilo,,,30/09/2026 01:07
467cf551-f6d7-427b-9272-95024d95ba26,beater.discount,available,29.98,39.98,high,low,6,namecheap,,,22/09/2026 21:38
98fab951-e2da-4134-a34c-a18aab145e3d,bsa.discount,available,30.99,30.99,high,low,3,namesilo,,,29/09/2026 02:49
44c5ba89-4ac9-4c4e-9d78-53f650884c43,liegeman.discount,available,7.99,43.99,medium,low,8,name.com,,,18/08/2026 03:05
8e6daa0b-57c8-4979-b0f9-46c164de76fa,gold.discount,premium,1040,1040,high,medium,4,namecheap,,,22/09/2026 03:56
d575983d-a1c7-4c1f-ae91-b7e5b603524c,ahmad.discount,available,30.99,30.99,high,low,5,namesilo,,,27/09/2026 07:37
4ff3fa42-adc8-47f1-8586-06fffb8cd283,insanely.discount,available,29.98,39.98,medium,low,8,namecheap,,,14/09/2026 09:13
2f68e132-ffb1-4568-b598-a88246d93328,favourable.discount,available,30.99,30.99,high,low,10,namesilo,,,24/09/2026 17:24
1b1263f6-96de-4d01-b6c1-4ea5f26f3679,loathing.discount,available,29.98,39.98,medium,low,8,namecheap,,,16/09/2026 15:27
f1c59f78-7f2a-4428-ab70-4e8598ff51c0,opinions.discount,available,30.99,30.99,high,low,8,namesilo,,,17/09/2026 07:35
a2d4e5f7-59fa-4a76-a287-0ff2892b85d1,crabs.discount,available,24.01,24.01,high,low,5,spaceship,,,29/09/2026 00:30
81dfaf00-dd37-442e-9b1a-8c02819a323c,womanish.discount,available,29.98,39.98,medium,low,8,namecheap,,,13/09/2026 12:58
dd656f86-8792-4c37-858c-7d73129013b8,unrecorded.discount,available,7.99,43.99,medium,low,10,name.com,,,24/08/2026 07:46
82a6547e-4e06-4fc5-80a2-280c30216de7,chapped.discount,available,7.99,43.99,medium,low,7,name.com,,,12/08/2026 02:20
4ac4b601-c80a-4a82-a709-4034746a5e0a,chappell.discount,available,4.63,24.2,medium,low,8,porkbun,,,28/09/2026 21:34
f79408ac-2264-43b6-bdd8-f5882835a91b,pimiento.discount,available,30.99,30.99,medium,low,8,namesilo,,,23/09/2026 05:38
d41f1f75-3220-4c1d-86a0-00341437b2d3,proceedings.discount,available,23.2,23.2,medium,low,11,cloudflare,,,28/09/2026 12:34
d23169d1-efb0-4244-b41a-566d2ab3b0e2,seem.discount,available,7.99,,high,low,4,name.com,,,
73d1c816-c45b-4455-9495-d0b7e3f09d32,cohort.discount,available,29.98,39.98,high,low,6,namecheap,,,17/09/2026 16:45
716c299f-2403-40f5-8009-58a3c35c91b0,cognitive.discount,available,7.99,43.99,high,low,9,name.com,,,12/08/2026 15:58
b8400d01-5529-4662-bc98-303647e7b592,tantalize.discount,available,29.98,39.98,medium,low,9,namecheap,,,21/09/2026 19:52
89998788-47e7-47c1-aa30-cc519c725e29,assumed.discount,available,7.99,43.99,medium,low,7,name.com,,,07/08/2026 07:45
5903f3b0-f555-41eb-a57b-a52cfc4cf915,repository.discount,available,30.99,30.99,high,low,10,namesilo,,,24/09/2026 21:59
8b3ff796-b554-4da0-8c5c-6299aed06909,gobs.discount,available,29.98,39.98,high,low,4,namecheap,,,14/09/2026 23:34
b895136d-c401-44db-a6bb-e1f030200868,abronia.discount,available,30.99,30.99,medium,low,7,namesilo,,,16/09/2026 17:19
fcae0023-bad2-47a4-b8f1-a82fe3fe8fb8,killer.discount,available,30.99,30.99,high,low,6,namesilo,,,24/09/2026 13:14
25ccadc2-9e8e-4151-b301-7a9b81c4a531,anglican.discount,available,7.99,43.99,high,low,8,name.com,,,
49ea70b5-778f-40b4-b151-b9f1b2210fb0,hymn.discount,available,23.2,23.2,high,low,4,cloudflare,,,29/09/2026 01:20
0e42c6b3-45e2-47e9-9eab-2d4e7b8422d1,decadent.discount,available,7.99,43.99,high,low,8,name.com,,,13/08/2026 20:50
9b6c29f5-5737-487e-8229-6ca724f642b5,altar.discount,available,7.99,43.99,high,low,5,name.com,,,18/09/2026 14:32
79a0b1d6-a029-4272-aee4-169b818858be,tubular.discount,available,7.99,43.99,medium,low,7,name.com,,,11/08/2026 17:14
83e58c02-6696-4315-b70c-61d073930b48,reproduce.discount,available,24.01,24.01,high,low,9,spaceship,,,28/09/2026 20:51
d2e1b04a-71f1-43bb-b8c3-a9f650ead297,rat.discount,premium,78.54,78.54,high,low,3,namesilo,,,11/08/2026 09:11
cfb6fb92-60cc-4c55-a0e4-1bfc4501a3a5,fry.discount,premium,78.54,78.54,high,low,3,namesilo,,,25/08/2026 00:16
67742b06-f3dd-41d8-ac6f-882e071fc549,octavo.discount,available,30.99,30.99,medium,low,6,namesilo,,,16/09/2026 12:43
65e1e3c6-e11d-4ac0-af9b-9f03df22cb47,asterisk.discount,available,29.98,39.98,high,low,8,namecheap,,,20/09/2026 17:11
9b4d1f89-3a1b-4229-9e99-5e875363a356,sunlight.discount,available,7.99,,high,low,8,name.com,,,
568e9bdc-b42a-43e2-b973-40fbdada8b0c,fade.discount,available,30.99,30.99,high,low,4,namesilo,,,28/09/2026 05:41
fe48e241-64c6-48ef-be4f-a48dfe02521c,sterile.discount,available,7.99,43.99,high,low,7,name.com,,,22/09/2026 09:35
55032285-1d3c-49cd-93e3-89c739d3b72c,stupidity.discount,available,30.99,30.99,medium,low,9,namesilo,,,23/09/2026 11:18
b9678017-3f14-462e-ac5c-1bb6f7505f07,werner.discount,available,30.99,30.99,high,low,6,namesilo,,,25/09/2026 21:47
afc11610-d24d-455b-935b-338c4c2b3a3e,daryl.discount,available,30.99,30.99,medium,low,5,namesilo,,,29/09/2026 04:03
01da81e8-0744-4fad-b9ea-168e1d0ff164,gnomic.discount,available,7.99,43.99,medium,low,6,name.com,,,20/08/2026 15:44
3eb225bc-ce2e-46d6-bcb7-492125b116aa,restlessly.discount,available,29.98,39.98,medium,low,10,namecheap,,,15/09/2026 23:29
293c586d-15e9-4d17-b934-c7b7b3a78280,researching.discount,available,29.98,39.98,high,low,11,namecheap,,,29/09/2026 21:29
23bfb7b4-be91-4fc6-b048-69fa3474821d,raccoon.discount,available,7.99,,high,low,7,name.com,,,
c4517413-83c0-4f34-8e14-846846e5465a,isomeric.discount,available,7.99,43.99,medium,low,8,name.com,,,22/08/2026 11:08
fdd8ae63-8cbd-4f74-8dbc-e8ac5587a3a4,bellows.discount,available,30.99,30.99,high,low,7,namesilo,,,23/09/2026 06:26
5487220f-89b6-4ee0-bfef-4a16ba76630a,inmates.discount,available,24.01,24.01,low,low,7,spaceship,,,28/09/2026 18:12
32e605e2-4e6c-485a-8f9e-b9b1b27c0bc6,puppy.discount,available,23.2,23.2,high,low,5,cloudflare,,,27/09/2026 15:27
b7c3e0e6-5b37-45cf-a7d4-18817f51da0c,nailed.discount,available,30.99,30.99,medium,low,6,namesilo,,,18/09/2026 21:49
cc21e51a-8f33-4941-8773-eefe7e1ed117,gpo.discount,available,24.01,24.01,high,low,3,spaceship,,,29/09/2026 12:57
fd8252cd-6bdc-4df6-b339-d62b42cdf992,plc.discount,premium,78.54,78.54,high,low,3,namesilo,,,25/09/2026 12:32
07c43ea4-9789-4e71-8a54-27a7bbe1545f,ncaa.discount,available,30.99,30.99,high,low,4,namesilo,,,27/09/2026 07:11
15683a36-0272-40b8-9377-ad4c5cb23f12,wasteland.discount,available,7.99,43.99,medium,low,9,name.com,,,08/08/2026 21:11
a48dcd7e-35ee-41cb-9df4-0e0a27f9ef81,lopsided.discount,available,7.99,43.99,medium,low,8,name.com,,,07/08/2026 03:41
ad3c2479-8e4c-4a4c-bb4a-8ed0533a6e4f,bangkok.discount,premium,38.94,38.94,high,low,7,namesilo,,,22/09/2026 01:48
684187cc-ac62-4808-83e3-626617f624bd,decorations.discount,available,4.63,24.2,medium,low,11,porkbun,,,28/09/2026 23:03
15162167-defc-4c48-844f-8aaaeba945d4,bergen.discount,available,30.99,30.99,high,low,6,namesilo,,,23/09/2026 09:19
39733144-d74a-453b-bb43-13552c5606a4,parke.discount,available,30.99,30.99,medium,low,5,namesilo,,,28/09/2026 22:16
1ac81e2f-af7e-424f-a239-537137d983e1,outspoken.discount,available,7.99,43.99,high,low,9,name.com,,,11/08/2026 16:45
ce3deae9-22c7-4512-bc52-46642d60fc4f,outbound.discount,available,29.98,39.98,high,low,8,namecheap,,,04/09/2026 18:57
05d89655-ba70-4ac1-a64c-296f330d277e,bandits.discount,available,30.99,30.99,medium,low,7,namesilo,,,21/09/2026 01:18
e833c0dd-d075-45e4-84b1-64f740034558,booklist.discount,available,7.99,,high,low,8,name.com,,,
38c89b24-0775-4a83-b9ae-3fc72ef32a79,show.discount,resell,,,high,low,4,"GoDaddy.com, LLC",23/08/2021 10:08,23/08/2027 10:08,26/09/2026 09:00
a6082459-af59-4d91-84aa-5cbfee9ab501,fledgling.discount,available,7.99,43.99,high,low,9,name.com,,,11/08/2026 14:45
0ea7b184-e416-4a62-b5e5-96daa31f701a,leopard.discount,available,24.01,24.01,high,low,7,spaceship,,,28/09/2026 06:09
d1415c19-9338-48b9-a938-1d9479307b4d,scranton.discount,available,30.99,30.99,medium,low,8,namesilo,,,26/09/2026 00:14
7993ee96-9ddb-4d12-b33d-93b409b608da,artery.discount,available,30.99,30.99,high,low,6,namesilo,,,20/09/2026 10:30
885c54e5-8d19-40af-98ef-738bbd3839e5,grow.discount,available,29.98,39.98,high,medium,4,namecheap,,,25/09/2026 18:10
4d757233-7a9c-46aa-885f-b4293492eb3f,bouffant.discount,available,7.99,43.99,high,low,8,name.com,,,10/08/2026 21:32
880192a7-fe1c-4820-8a48-c17f13bf5f59,calm.discount,available,29.98,39.98,high,low,4,namecheap,,,23/09/2026 12:30
5a33ee83-9718-4b27-acf2-1a0975ab288f,antichrist.discount,available,29.98,39.98,medium,low,10,namecheap,,,19/09/2026 14:15
b1d81454-595e-4a7d-a5f4-5a1b107d2f6b,edwards.discount,premium,78.54,78.54,medium,low,7,namesilo,,,28/09/2026 09:34
e13adfba-f6e6-4e22-86f8-eb41f13de87d,wallow.discount,available,30.99,30.99,high,low,6,namesilo,,,23/09/2026 16:37
ab36056f-5612-43fe-af34-7d85c85628f9,aucuba.discount,available,30.99,30.99,medium,low,6,namesilo,,,21/09/2026 02:47
44bc16ff-a81d-4558-a5b6-ace76bee478f,pneumatic.discount,available,29.98,39.98,high,low,9,namecheap,,,08/09/2026 22:06
18836c19-e520-4697-bc34-5de971d1a7ba,aubergine.discount,available,7.99,43.99,high,low,9,name.com,,,21/09/2026 02:33
e75d0448-6994-4bcf-9748-cead9544ff1c,salted.discount,available,7.99,43.99,high,low,6,name.com,,,11/08/2026 04:21
e435907e-58e8-4de6-a114-457b7ecaeabb,outdated.discount,available,29.98,39.98,medium,low,8,namecheap,,,26/09/2026 03:15
e3ab3fab-cd87-4090-a316-8d1c52f1733c,merchandise.discount,premium,78.54,78.54,high,low,11,namesilo,,,28/09/2026 03:28
58740f0b-fee2-4345-a2b3-6c6b2f828342,modesto.discount,premium,38.94,38.94,medium,low,7,namesilo,,,29/09/2026 15:37
2da614a2-0966-4c01-8faa-743b538340f8,forgo.discount,available,7.99,43.99,high,low,5,name.com,,,18/08/2026 11:51
ddda398b-858c-4a9a-8627-e05aaebbce6c,attempted.discount,available,7.99,43.99,medium,low,9,name.com,,,07/08/2026 15:12
f11b2823-2bcc-4921-bf0b-6411a3b931af,naming.discount,available,30.99,30.99,high,low,6,namesilo,,,28/09/2026 08:38
cef8a17f-5fa1-419e-8cfb-777701f19068,lewes.discount,available,23.2,23.2,medium,low,5,cloudflare,,,28/09/2026 23:03
c30eddc3-fd2d-4f28-a1d0-73c58e2e4b13,athens.discount,available,29.98,39.98,high,low,6,namecheap,,,20/09/2026 20:44
e228140c-cd87-402e-b4dd-349cfa0e1e24,earthlike.discount,available,7.99,43.99,medium,low,9,name.com,,,14/08/2026 22:40
d37b9133-71af-4b66-be70-cae177d07a97,inventor.discount,available,30.99,30.99,high,low,8,namesilo,,,20/09/2026 11:36
083cbbd8-d994-4292-b4b8-b27d8f55e4f6,hen.discount,premium,78.54,78.54,high,low,3,namesilo,,,23/09/2026 13:44
faf7dcfb-979f-4232-ba43-02b43a47da25,fortunately.discount,available,23.2,23.2,high,low,11,cloudflare,,,27/09/2026 16:56
9cba01ab-293f-4f47-b3e4-cd6d32bf9360,rooms.discount,premium,118.8,118.8,high,low,5,namesilo,,,
f7c63a16-34d0-49ba-807c-6ea4c1ff6d20,phd.discount,premium,38.94,38.94,high,low,3,namesilo,,,25/09/2026 09:56
cbc2e060-6002-4b56-988e-850a2175668a,yielding.discount,available,29.98,39.98,high,low,8,namecheap,,,13/09/2026 14:36
f249d0fa-c4e0-483b-82e4-555aba64adfb,aviator.discount,available,30.99,30.99,high,low,7,namesilo,,,17/09/2026 13:09
7df35f35-7666-4182-9732-85b5ff9fb4d3,dicey.discount,available,7.99,43.99,medium,low,5,name.com,,,12/08/2026 01:44
5d2f535d-7ce8-4a8c-8af8-00b3c95a58e2,pins.discount,available,29.98,39.98,high,low,4,namecheap,,,18/09/2026 08:25
89e7031e-2a5f-47b3-b97e-86d58f68af2a,incorrect.discount,available,30.99,30.99,high,low,9,namesilo,,,25/09/2026 08:08
9e108bd6-e805-4e53-a703-bbf919fe9196,bonney.discount,available,30.99,30.99,medium,low,6,namesilo,,,23/09/2026 16:28
663318a7-a427-4395-b3c7-e4d35cea916c,refreshing.discount,available,29.98,39.98,high,low,10,namecheap,,,11/08/2026 00:37
1d5aac93-13de-4075-95b0-51c2d4e5f94e,muscular.discount,available,7.99,43.99,high,low,8,name.com,,,11/08/2026 02:50
ff89e4a2-f7e4-4fe0-899f-de672a431f84,pigboat.discount,available,7.99,43.99,medium,low,7,name.com,,,11/09/2026 00:21
9061387f-4a43-4a28-adcf-f56649fbe4ad,tents.discount,available,4.5,24.83,medium,low,5,dynadot,,,29/09/2026 16:28
b1c79725-07ab-46f8-90ad-db464aafad81,azurite.discount,available,30.99,30.99,high,low,7,namesilo,,,21/09/2026 11:39
f4a434a3-7a76-4f54-a6c2-14cda3d2eb6e,reunions.discount,available,30.99,30.99,medium,low,8,namesilo,,,21/09/2026 08:16
d740cb0c-019a-4a31-b35d-1c086b05cbae,bigamist.discount,available,30.99,30.99,medium,low,8,namesilo,,,23/09/2026 15:02
9bea7365-4dc9-4d43-8bf1-1ebf85a2893c,radish.discount,available,29.98,39.98,high,low,6,namecheap,,,24/09/2026 20:53
52f3a556-9a52-45cc-b90c-eedcf91eba8f,quatern.discount,available,7.99,43.99,medium,low,7,name.com,,,
bd9f9bdd-1e8e-45e3-acdd-8174dde026c6,habilitate.discount,available,29.98,39.98,medium,low,10,namecheap,,,19/09/2026 20:06
db0ec447-8b46-4c94-9f9b-27ef886f4f67,testified.discount,available,24.01,24.01,medium,low,9,spaceship,,,28/09/2026 18:16
24ee6412-aba1-4e48-b788-ec6bdbfa1a2f,selma.discount,available,4.5,24.83,high,low,5,dynadot,,,28/09/2026 03:04
9be0a33a-9fc6-4dd9-9994-f8ebb166cb17,redolent.discount,available,7.99,43.99,high,low,8,name.com,,,17/08/2026 15:16
b1aa324e-2572-4cdf-a5d7-bdcd46e95f08,bred.discount,available,4.63,24.2,high,low,4,porkbun,,,29/09/2026 14:17
d2a55225-29a4-47bb-8a2c-27267570b9fb,erratic.discount,available,7.99,43.99,high,low,7,name.com,,,17/08/2026 12:46
358886dc-aa26-40a7-816f-a7c97cfe56de,drugs.discount,premium,854,854,medium,low,5,namesilo,,,25/09/2026 16:42
15f278d2-a1a3-40dc-9b31-9262dc984c42,crisscross.discount,available,7.99,43.99,high,low,10,name.com,,,13/08/2026 07:25
e8ab15cc-89b1-4a8a-b99f-694a2927f53a,edition.discount,available,29.98,39.98,high,low,7,namecheap,,,28/09/2026 01:49
fc878db7-749b-45f6-8535-bfdf6d409d47,communicating.discount,available,29.98,39.98,medium,low,13,namecheap,,,28/09/2026 17:54
405eff80-d125-4f88-b81d-14d496a5ab96,praised.discount,available,29.98,39.98,medium,low,7,namecheap,,,29/09/2026 16:38
21f7e0f0-a59a-48b9-b830-9ef90e8d0444,caddish.discount,available,7.99,43.99,low,low,7,name.com,,,11/08/2026 12:43
a1f18d02-19f9-492b-85f9-7b1dad91fb96,controlled.discount,available,30.99,30.99,high,low,10,namesilo,,,23/09/2026 22:39
956d0d4f-74cc-4a04-b4bf-33a963176321,kempt.discount,available,7.99,43.99,medium,low,5,name.com,,,22/08/2026 15:32
4a52b2fe-d1f5-4600-9873-2c9e819bb698,lendable.discount,available,7.99,43.99,medium,low,8,name.com,,,22/08/2026 23:35
ecac5d4e-ead4-4f48-942c-1761d5c768f7,overeat.discount,available,29.98,39.98,medium,low,7,namecheap,,,23/09/2026 17:26
916b69dc-5fa5-44ae-b61b-b652ba7497ee,afloat.discount,available,7.99,,high,low,6,name.com,,,
1a6b0cb6-22ea-4059-abe9-ae8963ac5c12,sonia.discount,available,29.98,39.98,high,low,5,namecheap,,,28/09/2026 03:44
9b1358b4-034c-4a00-a267-f9ee36cf762b,publicly.discount,available,4.63,24.2,medium,low,8,porkbun,,,28/09/2026 15:37
57d20b5c-7392-4adb-b9dd-a143e3557ffb,aphesis.discount,available,30.99,30.99,medium,low,7,namesilo,,,19/09/2026 16:55
36ece2da-5558-4f23-9805-3ed7268aec75,lachrymal.discount,available,7.99,43.99,medium,low,9,name.com,,,22/08/2026 17:59
99e4398b-eb59-44bf-b425-31413f8ff9d2,umbilical.discount,available,29.98,39.98,high,low,9,namecheap,,,11/09/2026 23:00
79c70a25-eead-4798-a2e3-0896cf287264,bugs.discount,available,30.99,30.99,high,low,4,namesilo,,,25/09/2026 12:21
f1ba2512-89b5-45f0-aa79-e6e94210d20b,senefelder.discount,available,29.98,39.98,medium,low,10,namecheap,,,18/09/2026 13:11
f3562080-b72b-49d2-999c-a2919132053f,reproduction.discount,available,23.2,23.2,high,low,12,cloudflare,,,29/09/2026 15:58
5c3ed36c-0801-4338-9fd6-271bf609b725,ashley.discount,available,30.99,30.99,high,low,6,namesilo,,,25/09/2026 17:12
a589c6ca-6878-4a2e-9daf-b028446f8734,olden.discount,available,29.98,39.98,medium,low,5,namecheap,,,04/09/2026 02:02
feec3b28-59de-4518-9046-9f7c7ca8da2d,humid.discount,available,7.99,43.99,high,low,5,name.com,,,21/08/2026 15:17
5e9b47fe-5fca-4c88-bb00-52e41f815dc9,unusable.discount,available,29.98,39.98,medium,low,8,namecheap,,,12/09/2026 21:58
b66e9af2-f858-4e31-8d87-2c1c7c699787,sagging.discount,available,7.99,43.99,medium,low,7,name.com,,,14/08/2026 19:45
cbe6000f-60ea-4200-9904-bdf8915f5a48,corsair.discount,available,30.99,30.99,high,low,7,namesilo,,,22/09/2026 04:33
f8beaf58-b63a-4019-951b-0ceb5d3deac5,recherche.discount,available,29.98,39.98,high,low,9,namecheap,,,09/09/2026 11:27
c5f19018-9130-48b1-8176-6cbdd18eaaba,oblong.discount,available,29.98,39.98,medium,low,6,namecheap,,,03/09/2026 23:48
2724bfd0-5820-4dab-b430-6f78a5382a0c,exponent.discount,available,7.99,43.99,high,low,8,name.com,,,17/09/2026 11:51
ae62f551-15ee-475f-a013-df4d6f744be2,ambivalence.discount,available,7.99,,high,low,11,name.com,,,
87daf119-0db9-4923-b5ee-ef58b35afae7,mill.discount,available,24.01,24.01,high,low,4,spaceship,,,29/09/2026 18:53
caef11c9-96db-419d-932a-43f075c748dd,whatever.discount,available,29.98,39.98,high,low,8,namecheap,,,22/09/2026 06:56
f3687b45-d553-4339-82e2-e962bf9e5323,juristic.discount,available,7.99,43.99,medium,low,8,name.com,,,22/08/2026 14:37
79bf7921-3c85-4f5a-abde-f2841f88c96b,pentagonal.discount,available,29.98,39.98,high,low,10,namecheap,,,08/09/2026 15:00
2948007a-5902-4892-959a-6da76f943cf3,companions.discount,available,30.99,30.99,medium,low,10,namesilo,,,29/09/2026 05:19
07a0e171-61fa-4bc7-b675-20e1f296bcfa,hulky.discount,available,7.99,43.99,medium,low,5,name.com,,,21/08/2026 14:48
072d27ba-ad85-49aa-85f3-d44fd593899e,packet.discount,available,30.99,30.99,high,low,6,namesilo,,,24/09/2026 11:14
4057fd97-4c59-409b-8a34-b4ad95630b6d,nicolas.discount,available,29.98,39.98,high,low,7,namecheap,,,25/09/2026 13:18
b3762492-2b8d-4bd2-8340-636f1060f71d,soe.discount,available,24.01,24.01,medium,low,3,spaceship,,,28/09/2026 21:29
a9d10213-cdca-438f-8424-cbbb2004f97c,cypher.discount,available,7.99,43.99,high,medium,6,name.com,,,
6b9f1ae5-8de1-4d00-a9d8-cec3d68b822d,queried.discount,available,29.98,39.98,medium,low,7,namecheap,,,20/09/2026 15:21
97dcbec5-bd95-42a2-b7bb-d036af53cce1,rollercoaster.discount,available,7.99,,medium,low,14,name.com,,,
313bb4b6-5349-4aa3-b26f-9ec9b4236d44,melting.discount,available,7.99,43.99,high,low,7,name.com,,,23/08/2026 23:35
47ec8215-d14b-44a7-9424-178fa15b5cd2,malibu.discount,premium,118.8,118.8,high,low,6,namesilo,,,29/09/2026 03:32
e43aeb3a-dbc7-4c61-acfd-ae1a389f9b6c,divergent.discount,available,7.99,43.99,high,low,9,name.com,,,14/08/2026 13:35
280061a7-f80c-498a-9265-b98a9e9b6558,airwoman.discount,available,30.99,30.99,medium,low,8,namesilo,,,17/09/2026 23:25
91c7879c-031f-4ff9-99c9-a440a70b859d,mourning.discount,available,7.99,43.99,medium,low,8,name.com,,,25/08/2026 08:38
2196ac06-3b22-4e4f-a90b-cb31edc9eb95,geologist.discount,available,24.01,24.01,high,low,9,spaceship,,,29/09/2026 12:39
12cfbdda-1bac-46b5-a534-c64b973bb149,tenormin.discount,available,29.98,39.98,medium,low,8,namecheap,,,20/09/2026 20:11
f1e7231f-1f1a-4d38-94ae-5b3138dab7ac,overflow.discount,available,7.99,,high,low,8,name.com,,,
d9870e75-8ffa-4bab-a09e-87154980a8e5,manipulated.discount,available,23.2,23.2,medium,low,11,cloudflare,,,29/09/2026 16:09
ab7e6b0f-7470-4224-a687-cd3c05159754,deposition.discount,available,29.98,39.98,medium,low,10,namecheap,,,24/09/2026 22:00
8292e799-8657-460f-947a-d2ad7a8d4623,been.discount,available,7.99,,medium,low,4,name.com,,,
fd848b98-442e-4a0b-9831-f0cd2f4b129d,delivers.discount,available,24.01,24.01,medium,low,8,spaceship,,,29/09/2026 10:50
f0433ab7-05c9-4422-b24d-bcab1a0863b7,thesis.discount,available,30.99,30.99,high,low,6,namesilo,,,24/09/2026 23:05
c21d8447-9de1-4aae-8858-d3513d7872f1,courier.discount,available,24.01,24.01,high,low,7,spaceship,,,28/09/2026 18:49
d1cc1f16-5f6f-4c99-a4de-d5b7b2c830dc,arikara.discount,available,30.99,30.99,medium,low,7,namesilo,,,20/09/2026 05:16
77043ed8-ec24-482f-a6cc-603899f4ec48,gamers.discount,available,30.99,30.99,high,low,6,namesilo,,,20/09/2026 23:00
03894dc0-9145-4d65-a4f9-1549027ee15f,funeral.discount,premium,242,242,high,low,7,namesilo,,,25/09/2026 22:54
bbed2883-50f1-4e35-ab76-30805b5a43e1,incredibly.discount,available,29.98,39.98,high,low,10,namecheap,,,14/09/2026 17:21
96e077e5-c8e3-489f-b76c-087432291783,richer.discount,available,23.2,23.2,medium,low,6,cloudflare,,,29/09/2026 05:28
776453f3-4c94-48a4-957f-56c6050c8bf6,foreshadow.discount,available,30.99,30.99,high,low,10,namesilo,,,21/09/2026 03:32
add2eeba-c05a-46ed-a138-394d0b03628a,hal.discount,available,30.99,30.99,high,low,3,namesilo,,,25/09/2026 12:39
aae164ea-3275-4ed9-8e7d-d392edfe9147,polish.discount,premium,42.9,42.9,high,low,6,namecheap,,,27/09/2026 04:22
59ed908d-59b8-4b84-b835-deb2fea1bd4a,pull.discount,available,23.2,23.2,high,low,4,cloudflare,,,29/09/2026 16:48
d70a5147-8d80-489c-9d45-2b43431ab5bc,ones.discount,available,7.99,,high,low,4,name.com,,,
a661b2fe-b6eb-450e-b1f1-4d12ddd6e5a0,supported.discount,available,45.99,45.99,high,low,9,godaddy,,,28/09/2026 02:01
911629fc-4278-4c1b-b1c5-4aec04c455c4,adductive.discount,available,7.99,43.99,medium,low,9,name.com,,,
6f1cc43d-e056-4743-9f3e-634ddac76e30,blueberry.discount,available,29.98,39.98,high,low,9,namecheap,,,30/09/2026 00:50
0b04c5a0-2c04-4fff-a6d3-a6ce64855ae1,wilfred.discount,available,24.01,24.01,medium,low,7,spaceship,,,28/09/2026 07:49
5f2bd1d0-143b-46e1-8e99-14f6bab444e9,flimsy.discount,available,7.99,43.99,medium,low,6,name.com,,,18/08/2026 08:15
489c800e-218e-49a5-94ac-250f65f4322a,colleges.discount,available,30.99,30.99,medium,low,8,namesilo,,,29/09/2026 05:34
51295afc-6bfe-4bc8-97ee-718c077047a6,diss.discount,available,30.99,30.99,medium,low,4,namesilo,,,17/09/2026 14:55
128ed74f-ac38-402d-bdf2-d1444aafd714,cleo.discount,available,30.99,30.99,high,low,4,namesilo,,,29/09/2026 15:49
fe0a14a1-c634-438b-a5f7-21f1db8fda83,deathless.discount,available,7.99,43.99,medium,low,9,name.com,,,13/08/2026 20:02
b371401c-9652-4b36-969c-b73df97fbf59,unbeaten.discount,available,29.98,39.98,high,low,8,namecheap,,,12/09/2026 01:45
64c40e3c-d57c-415c-ae5c-4f26bac5c551,flack.discount,available,7.99,43.99,medium,low,5,name.com,,,
5faad83b-7b0a-4f80-bd28-db95448b6eed,flowing.discount,available,7.99,43.99,high,low,7,name.com,,,18/08/2026 09:11
7616c0bd-6ff0-4c71-b73d-729d7b39d63f,trevor.discount,available,30.99,30.99,high,low,6,namesilo,,,26/09/2026 03:30
38ed6225-3e80-4780-a864-8f24d7b2bf62,tractor.discount,available,24.01,24.01,high,low,7,spaceship,,,28/09/2026 11:01
2a6f3b7a-2fb0-4f3f-bf24-e32309ffea86,catalog.discount,premium,78.54,78.54,high,low,7,namesilo,,,24/09/2026 13:07
fc6bb1f0-4180-4300-bb63-546d872eb9bd,rodeo.discount,premium,102.67,102.67,high,low,5,spaceship,,,28/09/2026 06:42
46dbe276-2ffa-4926-affb-125ab6938f08,admitted.discount,available,23.2,23.2,medium,low,8,cloudflare,,,27/09/2026 22:14
e556feb5-0e45-4dc6-891d-a3e3cd8cdde7,filiform.discount,available,7.99,43.99,medium,low,8,name.com,,,18/08/2026 04:04
97b27e5e-bee4-4c9a-a88d-1d045534ca08,anisette.discount,available,30.99,30.99,medium,low,8,namesilo,,,19/09/2026 09:29
909187c0-c126-4c8e-919a-6e97579b2cd1,anointer.discount,available,29.98,39.98,medium,low,8,namecheap,,,19/09/2026 11:18
787625e0-d9a4-4a5d-ac2f-bf5e8321b0cf,rustless.discount,available,29.98,39.98,high,low,8,namecheap,,,09/09/2026 20:19
897088f5-7ab9-41fd-a515-a235a36de622,estuaries.discount,available,29.98,39.98,low,low,9,namecheap,,,28/09/2026 12:58
8a053d35-e698-48f4-a795-ba22ab71137a,pit.discount,premium,38.94,38.94,high,low,3,namesilo,,,24/09/2026 13:22
b3b29f8b-a874-43d8-a7b8-961678e152e1,acquitted.discount,available,7.99,43.99,high,low,9,name.com,,,
51b08686-1878-4d48-9730-705d5d58b6c8,reception.discount,available,7.99,,high,low,9,name.com,,,
e6e10249-4de7-4bb8-8ddb-b9934a83c4d6,adoringly.discount,available,29.98,39.98,medium,low,9,namecheap,,,13/09/2026 17:23
9099a199-8752-45c0-a51d-367006b38549,virtual.discount,resell,,,high,low,7,GoDaddy Online Services Cayman Islands Ltd.,29/05/2015 07:44,29/05/2027 07:44,28/09/2026 04:49
d902a2e7-5538-425f-a9d7-9398dea9e29b,homoerotic.discount,available,7.99,43.99,medium,low,10,name.com,,,21/08/2026 12:51
f7c915b3-017f-4a61-ba1d-b7430e943400,subjects.discount,available,7.99,,medium,low,8,name.com,,,
aa2afa2b-19ae-4aa1-85c9-d80e58de408c,differ.discount,available,23.2,23.2,high,low,6,cloudflare,,,28/09/2026 20:49
d47f2a35-90e6-40a3-ba37-bb4e1527c192,outpouring.discount,available,30.99,30.99,high,low,10,namesilo,,,22/09/2026 07:58
3844d074-4c44-47a2-b26d-c001bad623f2,hirschfeld.discount,available,30.99,30.99,medium,low,10,namesilo,,,18/09/2026 01:20
613fe571-14d5-454f-a16d-4dc166345782,gripping.discount,available,30.99,30.99,high,low,8,namesilo,,,21/09/2026 15:05
6f9c4449-bf8b-4450-bcf0-4a9cd05c91df,voice.discount,available,30.99,30.99,high,medium,5,namesilo,,,25/09/2026 09:57
e3473586-140d-4a6c-b9d7-fb595f5bad8a,complicate.discount,available,29.98,39.98,high,low,10,namecheap,,,08/09/2026 14:25
d4de030c-958d-4078-b4ec-191456a816e2,dotted.discount,available,7.99,43.99,medium,low,6,name.com,,,13/08/2026 18:28
f3350ee4-36f0-4a8d-b096-afc50cdb160c,dragons.discount,available,30.99,30.99,medium,low,7,namesilo,,,28/09/2026 12:57
ffbfc6d2-7e45-4533-975f-41d359a6b522,creditors.discount,available,30.99,30.99,medium,low,9,namesilo,,,20/09/2026 15:31
b09f4abc-e889-4f8a-a531-cf7bb3eaff61,bilocation.discount,available,29.98,39.98,medium,low,10,namecheap,,,23/09/2026 16:51
c562345a-b9c9-4d5d-a014-2af6b425c36b,prostitutes.discount,available,30.99,30.99,low,low,11,namesilo,,,28/09/2026 23:58
1925582d-fe45-422e-a6de-e28adbf1c2b4,binocular.discount,available,7.99,43.99,high,low,9,name.com,,,10/08/2026 00:15
163325d1-5e76-45ab-a39f-b52794653e22,eclat.discount,available,7.99,43.99,high,low,5,name.com,,,16/09/2026 22:37
97bdc6b4-c194-4b56-98c0-a6e7b9c56dc9,jabber.discount,available,29.98,39.98,high,low,6,namecheap,,,29/09/2026 20:23
b0e03498-7e85-4a1e-b709-b57e4b92c6ae,min.discount,premium,38.94,38.94,high,low,3,namesilo,,,25/08/2026 00:58
19d4a050-374e-4366-bde1-018a807d3bea,disappearance.discount,available,23.2,23.2,medium,low,13,cloudflare,,,28/09/2026 04:24
715e1090-6dbf-4858-b23d-39ceee3cbc04,autonomic.discount,available,7.99,43.99,high,low,9,name.com,,,07/08/2026 20:52
c7db9d08-1df7-4ba3-a9a1-3ad2fca1a382,lovesome.discount,available,7.99,43.99,high,low,8,name.com,,,
9637062e-a131-4d28-9e3b-15ab1434f524,aleve.discount,available,30.99,30.99,medium,low,5,namesilo,,,17/09/2026 15:07
7efa6488-8793-4436-9afb-debef3da3c13,rigorously.discount,available,29.98,39.98,medium,low,10,namecheap,,,15/09/2026 23:46
a3d92f15-c7e1-40cf-bd61-3a1a2ed91c47,sul.discount,available,29.98,39.98,high,low,3,namecheap,,,27/09/2026 10:19
817f6477-825d-473d-a0bd-117db77a8a2d,method.discount,available,23.2,23.2,high,low,6,cloudflare,,,27/09/2026 14:54
43f79509-0fe0-415d-b491-c5861564325c,amiss.discount,available,7.99,43.99,high,low,5,name.com,,,
2e6ea266-5f28-40b2-aaae-dce00c9413b6,dreamily.discount,available,29.98,39.98,medium,low,8,namecheap,,,14/09/2026 14:15
2c361224-705e-4e2d-a4b0-55b40564d970,thorn.discount,available,45.99,45.99,high,low,5,godaddy,,,28/09/2026 02:10
81c2ce2e-6ca0-470c-9745-43c724cc8b03,firewood.discount,available,24.01,24.01,high,low,8,spaceship,,,30/09/2026 01:38
f3998002-79ac-4993-b310-66b52c3af796,required.discount,available,29.98,39.98,high,low,8,namecheap,,,23/09/2026 18:27
9dd03a1e-e44e-49e9-b6d3-51ebd7b06481,transitions.discount,available,7.99,,medium,low,11,name.com,,,
45058536-6f08-4713-a97c-95c0129049f7,listed.discount,available,30.99,30.99,high,low,6,namesilo,,,25/09/2026 13:56
9f932b32-f6a5-4f05-bc3f-f7243061d11e,kershaw.discount,available,30.99,30.99,medium,low,7,namesilo,,,29/09/2026 22:25
538e0aa5-53ae-4295-affb-e55d0f705f93,arcade.discount,available,30.99,30.99,high,low,6,namesilo,,,20/09/2026 01:36
4b15c455-acc7-4e79-968c-256a28486ecb,aldrich.discount,available,30.99,30.99,high,low,7,namesilo,,,28/09/2026 04:14
1a5cfc2e-838d-4e8d-b59f-8df13a51051a,choices.discount,available,30.99,30.99,high,low,7,namesilo,,,17/09/2026 06:36
1ee4d94e-c61f-4728-9b85-c466f6f3ca4d,reserve.discount,premium,38.94,38.94,high,low,7,namesilo,,,06/08/2026 09:16
54ea867d-d9db-4771-880e-0bfc71c31f0f,originally.discount,available,29.98,39.98,high,low,10,namecheap,,,15/09/2026 07:14
80f4a477-463e-4620-a929-26b55383cafb,court.discount,available,4.63,24.2,high,low,5,porkbun,,,27/09/2026 16:05
bb815351-3e96-4f47-9a23-a41f7cfbec9f,delightful.discount,available,30.99,30.99,high,low,10,namesilo,,,24/09/2026 05:38
1e5a32f8-8359-4101-9c12-6a55fb213112,juicy.discount,available,7.99,43.99,high,low,5,name.com,,,18/08/2026 19:59
e2ec6d33-a66b-4f5d-8c4b-ce128731c6b7,medals.discount,available,7.99,,high,low,6,name.com,,,
f5d04ada-db90-46e6-9c64-a12c614f11bf,diagnosis.discount,available,29.98,39.98,high,low,9,namecheap,,,24/09/2026 22:08
eee24b23-eded-4636-b621-3223a59e5a5f,communally.discount,available,29.98,39.98,medium,low,10,namecheap,,,14/09/2026 07:33
b39056dd-188c-45a9-8115-3a537e5a8acf,lace.discount,available,4.5,24.83,high,low,4,dynadot,,,29/09/2026 03:54
131b62a2-cec0-4020-b6d7-35c0f6c39ab6,shoreward.discount,available,7.99,43.99,high,low,9,name.com,,,22/08/2026 07:00
0661b0c6-0223-45e7-86e4-79064a85cc30,moe.discount,available,4.63,24.2,high,medium,3,porkbun,,,28/09/2026 12:10
9ff4e108-928a-472a-aa9e-c6e3cf5861d2,constraints.discount,available,30.99,30.99,low,low,11,namesilo,,,20/09/2026 23:49
6ebc74f2-5246-44fb-9164-8ae49f7a6c04,applewood.discount,available,30.99,30.99,medium,low,9,namesilo,,,19/09/2026 21:44
9daafdc2-26e6-4552-8041-07c0558ac45f,vermilion.discount,available,7.99,43.99,high,low,9,name.com,,,12/08/2026 05:45
2061d8a6-0868-405a-a968-dbaf6e1ceac7,exaggerated.discount,available,23.2,23.2,medium,low,11,cloudflare,,,29/09/2026 14:24
e2b2b2f0-c216-40a0-a2fa-511e3f530b1d,motorsports.discount,available,30.99,30.99,high,low,11,namesilo,,,17/09/2026 11:52
d6ad26e2-c292-4d28-b356-5c03d84dc5d3,excursion.discount,available,24.01,24.01,high,low,9,spaceship,,,29/09/2026 18:22
01f31d1b-99be-4c25-ae27-8bbbcd495ab0,agrology.discount,available,29.98,39.98,medium,low,8,namecheap,,,17/09/2026 19:36
f68cdb32-dbf9-42f6-92ea-54d766ce7900,neill.discount,available,4.63,24.2,medium,low,5,porkbun,,,28/09/2026 23:29
247d0e59-7f8a-40a8-8c31-cf395b6ab0cf,chant.discount,available,30.99,30.99,high,low,5,namesilo,,,24/09/2026 13:41
c25a95e6-e239-444f-a0a8-5a0f0f1d2c4f,trussed.discount,available,29.98,39.98,medium,low,7,namecheap,,,11/09/2026 15:47
6a61395f-5816-4ee4-a722-cd724cf0e416,hoot.discount,available,7.99,43.99,high,low,4,name.com,,,13/08/2026 16:12
26618491-0fd8-4f76-b76e-8ea7bdbc0491,saliva.discount,available,23.2,23.2,medium,low,6,cloudflare,,,29/09/2026 13:54
f9d2293e-a983-4eb6-a289-5d2af30d91fd,bumpy.discount,available,7.99,43.99,medium,low,5,name.com,,,11/08/2026 09:48
d8ed13b1-3a7c-4563-b961-9200a8b88459,penile.discount,available,29.98,39.98,medium,low,6,namecheap,,,08/09/2026 14:21
0734b349-6fe2-4f84-b1ef-c7aa1fe5373b,nepali.discount,available,29.98,39.98,high,low,6,namecheap,,,03/09/2026 15:37
d463c0d3-6de3-447f-a10c-308acd15d55d,clears.discount,available,24.01,24.01,high,low,6,spaceship,,,29/09/2026 17:52
e8516b19-3fce-42a2-a58a-236a84166ee7,musky.discount,available,29.98,39.98,high,low,5,namecheap,,,03/09/2026 11:33
45a58bb9-3348-4541-9f98-ceb917c1963d,flukey.discount,available,7.99,43.99,medium,low,6,name.com,,,18/08/2026 09:20
0728c406-f8c3-4cc7-af12-f4d8ee056012,jay.discount,premium,78.54,78.54,high,low,3,namesilo,,,30/09/2026 00:45
7dd6af6f-bcd6-4544-be5c-ff21766a1893,outermost.discount,available,29.98,39.98,high,low,9,namecheap,,,04/09/2026 19:17
1f6b8fbe-268a-4785-98e0-d64c2badf501,effortless.discount,available,7.99,43.99,high,low,10,name.com,,,15/08/2026 16:21
b101c777-86a4-400b-85f0-d13e1b895e96,coulomb.discount,available,30.99,30.99,medium,low,7,namesilo,,,18/09/2026 23:08
d1748d3b-0635-4d17-85b9-765d61856e57,disneyland.discount,available,24.01,24.01,high,low,10,spaceship,,,29/09/2026 16:04
e91a599b-9e08-4511-a083-16e5dfed46d6,manhattan.discount,premium,118.8,118.8,high,low,9,namesilo,,,25/09/2026 23:31
314dcd97-c371-4287-9719-58298fc7cae2,evitable.discount,available,7.99,43.99,medium,low,8,name.com,,,07/08/2026 22:45
a5546b7f-cd87-47d7-ad22-cc14f11e6adb,roberts.discount,premium,78.54,78.54,high,low,7,namesilo,,,22/09/2026 09:19
772d21b2-93a7-4e79-86d8-1caf1b370816,vestibular.discount,available,29.98,39.98,medium,low,10,namecheap,,,13/09/2026 04:52
d8052518-0892-432e-9ffe-270562c17928,arrives.discount,available,30.99,30.99,medium,low,7,namesilo,,,20/09/2026 01:05
34ba3f9d-c617-4819-b069-a8740fd3fff5,willful.discount,available,7.99,43.99,medium,low,7,name.com,,,18/08/2026 16:37
761095a4-b1bd-4176-bcdd-2aecf9c4ce1b,cue.discount,premium,123.75,,high,medium,3,name.com,,,29/09/2026 13:01
6f90caeb-9885-4855-9889-f76f6a10b5ea,agitating.discount,available,7.99,43.99,medium,low,9,name.com,,,
893cde93-4e75-46c2-a568-82084b8588b1,bedewed.discount,available,7.99,43.99,low,low,7,name.com,,,09/08/2026 06:46
9eb6b5e3-146d-40ce-81bf-305f077879c9,portuguese.discount,available,30.99,30.99,high,low,10,namesilo,,,25/09/2026 15:43
cfb213e6-4959-432c-a088-bb493c45e2be,ineffably.discount,available,29.98,39.98,medium,low,9,namecheap,,,15/09/2026 07:55
07614b62-4e3b-4570-b899-074182d3f721,ethics.discount,available,23.2,23.2,high,low,6,cloudflare,,,28/09/2026 05:38
212249a5-9bdb-40f6-8aec-7408c251b5b2,literally.discount,available,30.99,30.99,medium,low,9,namesilo,,,28/09/2026 16:10
cd8b6b2c-63dc-4724-b9c7-552527c97b42,stealth.discount,available,23.2,23.2,high,low,7,cloudflare,,,29/09/2026 08:08
dfcd1253-11d8-4ab0-bf3a-7a00ddff0717,biotype.discount,available,29.98,39.98,high,low,7,namecheap,,,23/09/2026 19:14
3a4aa123-b084-4d20-a0b8-1096254b0c7a,uncovering.discount,available,30.99,30.99,medium,low,10,namesilo,,,22/09/2026 06:00
11aae2bd-f9ee-4e5b-9961-caf52bde1a1e,riot.discount,available,30.99,30.99,high,low,4,namesilo,,,24/09/2026 13:04
6b97e845-8b3b-46ae-8f3a-0a33ef73bb97,fresno.discount,premium,34.36,34.36,high,low,6,spaceship,,,30/09/2026 01:42
47320e5b-b3d7-471c-8e5f-45391ffa796a,clx.discount,available,7.99,43.99,high,low,3,name.com,,,
a4154205-cc29-43c5-8466-b299c633fb1e,argonauta.discount,available,30.99,30.99,medium,low,9,namesilo,,,20/09/2026 04:32
ecd61f41-1ace-429d-b2a6-00c05c5607f2,aviary.discount,available,30.99,30.99,high,low,6,namesilo,,,21/09/2026 09:22
a6e27745-df3f-401d-9f2c-4f5fee860d36,valves.discount,available,30.99,30.99,medium,low,6,namesilo,,,29/09/2026 23:44
c1fade5a-1459-429a-9a78-237686934a09,apocynum.discount,available,29.98,39.98,medium,low,8,namecheap,,,19/09/2026 18:15
e42266d5-72fb-4eb5-93db-f58da2e55a6a,trusts.discount,available,4.63,24.2,medium,low,6,porkbun,,,28/09/2026 18:18
67e401bb-e99b-4ffa-a9b2-7758fa9d6649,melted.discount,available,7.99,43.99,high,low,6,name.com,,,23/08/2026 23:37
cfd05d09-37c7-4ff8-9be5-6f8d68f90431,lxv.discount,available,7.99,43.99,medium,low,3,name.com,,,
f500e13b-81f2-4f37-a46c-6dd98d297c8b,vaned.discount,available,29.98,39.98,medium,low,5,namecheap,,,13/09/2026 01:06
8858ff75-7976-48d5-a4f8-d1eb99c21e1e,baal.discount,available,29.98,39.98,high,low,4,namecheap,,,21/09/2026 12:05
455fa3ca-6a41-44ac-a351-f56d5c2a0e11,men.discount,premium,118.8,118.8,high,low,3,namesilo,,,
3f6a94a7-23f6-44ab-98a9-3c27070e5073,epochal.discount,available,7.99,43.99,medium,low,7,name.com,,,17/08/2026 11:24
dc0a8e39-ffe5-4342-8222-b387a893a629,empyrean.discount,available,7.99,43.99,medium,low,8,name.com,,,16/08/2026 20:51
3f766c89-7145-4532-9edf-5ef0d36e16a4,familiar.discount,available,29.98,39.98,high,low,8,namecheap,,,24/09/2026 16:30
d15f501b-4b59-453d-a1e2-adeec5b43d4c,disarming.discount,available,7.99,43.99,high,low,9,name.com,,,14/08/2026 09:30
2820f9e3-6029-447c-8fc1-12d58186378c,mich.discount,available,30.99,30.99,high,low,4,namesilo,,,29/09/2026 14:29
cf8f5729-e8e6-48c9-b421-9cb27c982e02,josiah.discount,available,7.99,43.99,medium,low,6,name.com,,,27/09/2026 01:34
3ae54715-f4db-435e-8eeb-cc57fab02fcc,bountiful.discount,available,7.99,43.99,high,low,9,name.com,,,09/08/2026 20:52
3f25f713-7206-46b4-b466-89dadc1e1560,scale.discount,available,24.01,24.01,high,medium,5,spaceship,,,29/09/2026 21:07
9226dd0d-e9fd-45bb-bb2f-e8180c1e950b,assumptions.discount,available,24.01,24.01,medium,low,11,spaceship,,,30/09/2026 00:31
b0799ad2-03b3-4331-bc63-c88ca110fcdb,auckland.discount,available,29.98,39.98,high,low,8,namecheap,,,21/09/2026 02:39
614e20d8-25b4-48f0-8c5f-5670a5f870e2,composed.discount,available,29.98,39.98,high,low,8,namecheap,,,23/09/2026 17:50
73141c9e-40a1-45cf-8270-cc73e8be1c88,remember.discount,available,7.99,,high,low,8,name.com,,,
9eb0858b-b446-46da-a6cb-3f4636c1529d,arum.discount,available,7.99,43.99,medium,low,4,name.com,,,06/08/2026 20:20
c3bcc05b-ca2d-404d-9597-b3a2292585db,memo.discount,available,24.01,24.01,high,low,4,spaceship,,,28/09/2026 02:24
f014c2e6-2d05-45e8-b6df-8b68f58c5cce,arca.discount,available,30.99,30.99,high,low,4,namesilo,,,20/09/2026 01:31
26dff187-3359-4482-967a-e8c93eabe198,haskell.discount,available,24.01,24.01,high,low,7,spaceship,,,28/09/2026 03:46
88982360-1fd5-4b87-aa33-67c5a14342b7,discuss.discount,available,23.2,23.2,high,low,7,cloudflare,,,29/09/2026 15:35
f738dd31-7af5-4a2e-a645-a0e16e5ba525,bakehouse.discount,available,29.98,39.98,high,low,9,namecheap,,,21/09/2026 20:13
b4467580-0fe6-4263-88c1-306808d14f19,politic.discount,available,29.98,39.98,high,low,7,namecheap,,,08/09/2026 23:06
663a2e94-0798-49f0-9157-95b63e3d2f3b,brains.discount,available,30.99,30.99,high,low,6,namesilo,,,25/09/2026 18:40
e4b71b5a-9496-4fa4-8ef9-534d759196ba,rosemary.discount,available,24.01,24.01,high,low,8,spaceship,,,28/09/2026 10:51
dbec903c-cbc8-4f4d-b075-01597aae3581,lucy.discount,available,7.99,,high,low,4,name.com,,,
db72ae41-f7d8-47eb-973e-33690dc9312b,maharashtra.discount,available,30.99,30.99,medium,low,11,namesilo,,,29/09/2026 03:41
965f59e0-d2e4-4df4-96b6-8886ec88f39b,resort.discount,available,4.5,24.83,high,low,6,dynadot,,,29/09/2026 22:04
4867d914-324b-4119-8e7d-ad2f2ef6ff1a,adjectives.discount,available,30.99,30.99,medium,low,10,namesilo,,,18/09/2026 16:11
53b7980c-4e45-401b-900c-771f6e617eb3,elisabeth.discount,available,30.99,30.99,high,low,9,namesilo,,,25/09/2026 14:58
c1886dd5-8717-40a5-bf13-1c87e7ad120c,clarinet.discount,available,24.01,24.01,high,low,8,spaceship,,,29/09/2026 11:55
77ad39ca-4a5c-4f45-85d0-5437b2154718,grape.discount,available,23.2,23.2,high,low,5,cloudflare,,,29/09/2026 08:23
f7f12299-610c-479a-b26e-0bee7d77720f,disloyalty.discount,available,30.99,30.99,high,low,10,namesilo,,,24/09/2026 22:47
9079c134-cbec-4c16-8370-a15ee4a8e954,ballyrag.discount,available,7.99,43.99,medium,low,8,name.com,,,11/08/2026 08:57
06f3379f-3360-465d-a35a-40af87f7ac4a,connexion.discount,available,24.01,24.01,high,low,9,spaceship,,,29/09/2026 18:26
d76beb03-1633-44c6-86e2-11919b3f9618,balanchine.discount,available,29.98,39.98,high,low,10,namecheap,,,21/09/2026 20:54
ab993060-a7b0-47af-a5af-aee83c81a6ec,married.discount,available,7.99,43.99,high,low,7,name.com,,,25/09/2026 16:47
82786901-bf20-4cf5-ae7e-c4872a858773,biggish.discount,available,7.99,43.99,medium,low,7,name.com,,,09/08/2026 20:33